"motif","TF","log2_enrichment","minlog10_FDR"
"MA0808.1","TEAD3",1.64014141527597,13.8699001868719
"MA1988.1","Atf3",1.76173674674862,9.97720745268658
"MA0462.2","BATF::JUN",1.76723909702036,9.88674486193377
"MA1634.1","BATF",1.76723909702036,9.88674486193377
"MA0489.2","Jun",1.76381998708741,9.88674486193377
"MA0477.2","FOSL1",1.84009652813924,9.77801354809703
"MA1130.1","FOSL2::JUN",1.6867485090897,9.6326781632673
"MA0490.2","JUNB",1.77412474063762,9.6326781632673
"MA1128.1","FOSL1::JUN",1.61680459433793,9.4916105196956
"MA0835.2","BATF3",1.67563316043245,9.38669678858153
"MA1141.1","FOS::JUND",1.66757044870845,9.29400900162714
"MA1121.1","TEAD2",1.54561170542771,8.91413610120145
"MA1142.1","FOSL1::JUND",1.62982924551116,8.35403184595387
"MA0491.2","JUND",1.66303574707238,8.18167313794577
"MA1633.2","BACH1",1.71374865050665,8.13587708715435
"MA1144.1","FOSL2::JUND",1.61811292416797,7.79458605780778
"MA1137.1","FOSL1::JUNB",1.44125138787597,7.74292131032812
"MA1135.1","FOSB::JUNB",1.47350711446703,7.29691544191002
"MA0099.3","FOS::JUN",1.410765326032,7.16303843517964
"MA1134.1","FOS::JUNB",1.59964101008405,7.15717850486109
"MA0090.3","TEAD1",1.31849941480105,6.98081722101859
"MA0809.2","TEAD4",1.21129833868762,6.89830458097172
"MA0476.1","FOS",1.51207675701386,6.82760820711633
"MA1138.1","FOSL2::JUNB",1.41181977680334,6.51180787323972
"MA1928.1","BNC2",1.31982407988265,5.80465294752185
"MA0655.1","JDP2",1.61367662134816,5.24366577774939
"MA1132.1","JUN::JUNB",1.25886567368138,4.49477760949391
"MA0501.1","MAF::NFE2",1.56630955344511,3.83548310092597
"MA0150.2","Nfe2l2",1.54993498432177,3.64040968808381
"MA1101.2","BACH2",1.52903649289907,3.50395538132389
"MA0478.1","FOSL2",1.02975300423885,2.99751357441488
"MA0089.2","MAFG::NFE2L1",1.35241161787725,2.66014999057939
"MA0670.1","NFIA",1.03427158197899,2.45088709729847
"MA0841.1","NFE2",1.22601977801488,1.70335769180357
"MA0093.3","USF1",1.10030003619743,1.49895182556758
"MA0645.1","ETV6",1.06949103926371,1.43448939786896
"MA0671.1","NFIX",0.879954666878213,1.09615655718621
"MA0496.3","MAFK",0.709490040185794,0.835494224750803
"MA0591.1","Bach1::Mafk",1.01040025478775,0.802267634881672
"MA1148.1","PPARA::RXRA",0.81966601427674,0.787059865041575
"MA1604.1","Ebf2",0.810285150605482,0.787059865041575
"MA1107.2","KLF9",0.830355914181941,0.787059865041575
"MA0519.1","Stat5a::Stat5b",0.654021961372337,0.779731328723917
"MA1643.1","NFIB",0.919247146150374,0.692299388324751
"MA0620.3","MITF",0.800606044012754,0.601004403276103
"MA0684.2","RUNX3",0.683841196069062,0.582143662417933
"MA1601.2","ZNF75D",0.819699666857261,0.521015037045812
"MA1637.1","EBF3",0.727043265041044,0.506358180289979
"MA0107.1","RELA",0.793324675488048,0.503226074668991
"MA1979.1","ZNF416",0.593742226080774,0.44273589563852
"MA1514.1","KLF17",0.801861024498014,0.420922607851325
"MA0609.2","CREM",0.760168605950602,0.420922607851325
"MA0818.2","BHLHE22",0.720755815309417,0.420922607851325
"MA1635.1","BHLHE22",0.607240396867549,0.407614445268069
"MA1104.2","GATA6",0.529709082787469,0.407614445268069
"MA0625.2","NFATC3",0.525222803646042,0.407614445268069
"MA0633.2","Twist2",0.607240396867549,0.407614445268069
"MA1525.2","NFATC4",0.51615566371483,0.407614445268069
"MA0076.2","ELK4",0.763635628135407,0.355281151086701
"MA0911.1","Hoxa11",0.666433489714488,0.350328664355544
"MA0710.1","NOTO",0.491067292550976,0.344814400273676
"MA0154.4","EBF1",0.705718072574915,0.344814400273676
"MA0520.1","Stat6",0.509801678746761,0.327558738881861
"MA1997.1","Olig2",0.567353921726074,0.305961775197373
"MA1708.1","ETV7",0.56431282786791,0.275240444935426
"MA1975.1","ZNF214",0.575631021976572,0.275240444935426
"MA1716.1","ZNF76",0.712624993440858,0.274142103955186
"MA0092.1","Hand1::Tcf3",0.479822230944207,0.265644317359706
"MA0659.3","Mafg",0.610533874848841,0.202112141286235
"MA1506.1","HOXD10",0.607270910192692,0.165347265701399
"MA1993.1","Neurod2",0.541898357875618,0.165347265701399
"MA0724.1","VENTX",0.473508393622313,0.164691638298402
"MA1133.1","JUN::JUNB",0.606770527502226,0.164691638298402
"MA1996.1","Nr1H2",0.400321708253709,0.164691638298402
"MA1110.2","Nr1H4",0.380238808073517,0.164691638298402
"MA1472.2","Bhlha15",0.62295006938953,0.164691638298402
"MA0678.1","OLIG2",0.60091779797367,0.161414516495508
"MA0083.3","SRF",0.547189994282905,0.161414516495508
"MA0698.1","ZBTB18",0.550217943496804,0.161414516495508
"MA0498.2","MEIS1",0.458625117028325,0.161414516495508
"MA0795.1","SMAD3",0.547189994282905,0.161414516495508
"MA1131.1","FOSL2::JUN",0.61764908555577,0.161414516495508
"MA1527.1","NFIC",0.547189994282905,0.161414516495508
"MA1528.1","NFIX",0.536530554788613,0.161414516495508
"MA1625.1","Stat5b",0.451041136295343,0.161414516495508
"MA1629.1","Zic2",0.554951296196678,0.161414516495508
"MA1641.1","MYF5",0.597634564852313,0.161414516495508
"MA0500.2","MYOG",0.559704044011444,0.161414516495508
"MA0521.2","Tcf12",0.527177664781282,0.161414516495508
"MA0843.1","TEF",0.565429160295188,0.16074426864565
"MA0827.1","OLIG3",0.575127933139764,0.147764208884512
"MA1117.1","RELB",0.520546432283496,0.147764208884512
"MA0697.2","Zic3",0.480600354907659,0.147764208884512
"MA0065.2","Pparg::Rxra",0.39676681579583,0.142809925757752
"MA0893.2","GSX2",0.418734908284744,0.142809925757752
"MA1657.1","ZNF652",0.454247359395648,0.142809925757752
"MA1574.1","THRB",0.546110732320957,0.132501767576136
"MA0875.1","BARX1",0.39086983321974,0.132245578324232
"MA1123.2","TWIST1",0.425108565680738,0.132245578324232
"MA0485.2","HOXC9",0.554894431470313,0.122878327271091
"MA1619.1","Ptf1A",0.467195304069931,0.0937831360087828
"MA0482.2","GATA4",0.363710560298924,0.0785215798955198
"MA0771.1","HSF4",0.476299045367159,0.072851645399247
"MA1616.1","Prdm15",0.370385090896488,0.072851645399247
"MA0624.2","Nfatc1",0.300084656443878,0.072851645399247
"MA0031.1","FOXD1",0.44488591092342,0.0712588145385461
"MA0651.2","HOXC11",0.544578106720663,0.0712588145385461
"MA0161.2","NFIC",0.485244962127148,0.0691446571229399
"MA0160.2","NR4A2",0.333194729831138,0.0691446571229399
"MA0071.1","RORA",0.396436471872589,0.0676371857075345
"MA0101.1","REL",0.444510633749812,0.0676371857075345
"MA0641.1","ELF4",0.520901357776165,0.0676371857075345
"MA0656.1","JDP2",0.428600808336166,0.0676371857075345
"MA0692.1","TFEB",0.467208804070977,0.0676371857075345
"MA0738.1","HIC2",0.383731693430422,0.0676371857075345
"MA0600.2","RFX2",0.428600808336166,0.0676371857075345
"MA0510.2","RFX5",0.428600808336166,0.0676371857075345
"MA0866.1","SOX21",0.428600808336166,0.0676371857075345
"MA0028.2","ELK1",0.428600808336166,0.0676371857075345
"MA0907.1","HOXC13",0.383302911516314,0.0676371857075345
"MA0750.2","ZBTB7A",0.482387379323391,0.0676371857075345
"MA1489.1","FOXN3",0.451453186620034,0.0676371857075345
"MA1500.1","HOXB6",0.366994448218022,0.0676371857075345
"MA1503.1","HOXB9",0.487615694792938,0.0676371857075345
"MA1536.1","NR2C2",0.397402414434325,0.0676371857075345
"MA0605.2","ATF3",0.428600808336166,0.0676371857075345
"MA0158.2","HOXA5",0.341451523761356,0.0676371857075345
"MA0632.2","TCFL5",0.428600808336166,0.0676371857075345
"MA1649.1","ZBTB12",0.434824052570173,0.0676371857075345
"MA1654.1","ZNF16",0.428600808336166,0.0676371857075345
"MA0640.2","ELF3",0.290895823746284,0.0676371857075345
"MA1951.1","FOS",0.428600808336166,0.0676371857075345
"MA1980.1","ZNF418",0.423773530133659,0.0676371857075345
"MA0607.2","BHLHA15",0.513737786114048,0.0676371857075345
"MA0764.3","ETV4",0.56270968846616,0.0676371857075345
"MA1498.2","HOXA7",0.455548916585036,0.0676371857075345
"MA1524.2","Msgn1",0.395302048374028,0.0676371857075345
"MA0136.3","Elf5",0.288378403989814,0.065471819192748
"MA0497.1","MEF2C",0.22922417548783,0.0636638566900886
"MA1111.1","NR2F2",0.33325288149755,0.0558770815078009
"MA0665.1","MSC",0.414298665363509,0.0556678444275143
"MA0084.1","SRY",0.269498786905128,0.0533934684833119
"MA1535.1","NR2C1",0.273830969132513,0.0458443784908481
"MA0108.2","TBP",0.339994720779211,0.039149760696842
"MA0258.2","ESR2",0.41166715640086,0.039149760696842
"MA1565.1","TBX18",0.278253219576808,0.039149760696842
"MA1597.1","ZNF528",0.460628420837793,0.035617272278529
"MA0686.1","SPDEF",0.463350660031043,0.0332789130660397
"MA0763.1","ETV3",0.453805327858204,0.0332789130660397
"MA0840.1","Creb5",0.441394407418978,0.0332789130660397
"MA1484.1","ETS2",0.386244388766715,0.0332789130660397
"MA0592.3","ESRRA",0.310119210677532,0.0332789130660397
"MA1934.1","ERF::FIGLA",0.372010082197889,0.0332789130660397
"MA0116.1","Znf423",0.457950463503145,0.0271176831056072
"MA0492.1","JUND",0.372942525917986,0.0271176831056072
"MA0140.2","GATA1::TAL1",0.419894646585575,0.0271176831056072
"MA0691.1","TFAP4",0.390366525290197,0.0271176831056072
"MA1127.1","FOSB::JUN",0.359956480691002,0.0271176831056072
"MA1145.1","FOSL2::JUND",0.357103317233639,0.0271176831056072
"MA1153.1","Smad4",0.309102734662993,0.0271176831056072
"MA0904.2","HOXB5",0.349740439644288,0.0271176831056072
"MA1987.1","ZNF701",0.35034271098241,0.0271176831056072
"MA0152.2","Nfatc2",0.272065124741991,0.0271176831056072
"MA0480.2","Foxo1",0.332017364503437,0.0271176831056072
"MA0495.3","MAFF",0.33821484772748,0.0268115847397166
"MA0766.2","GATA5",0.280979561688824,0.0203929541284636
"MA0029.1","Mecom",0.299148990491109,0.0159807974936711
"MA0483.1","Gfi1B",0.270277649662798,0.0137320532001569
"MA0598.3","EHF",0.242485197801334,0.0137320532001569
"MA0518.1","Stat4",0.247860457868449,0.0133946263598431
"MA0675.1","NKX6-2",0.266398003315845,0.0133946263598431
"MA0733.1","EGR4",0.389385827998459,0.0133946263598431
"MA0832.1","Tcf21",0.44330078796119,0.0133946263598431
"MA0851.1","Foxj3",0.250239788225898,0.0133946263598431
"MA1129.1","FOSL1::JUN",0.342293426786401,0.0133946263598431
"MA1725.1","ZNF189",0.246325933082796,0.0133946263598431
"MA0475.2","FLI1",0.332371544470915,0.00821578851188982
"MA0132.2","PDX1",0.229801497203546,0.00821578851188982
"MA0100.3","MYB",0.257079089894657,0.00821578851188982
"MA0499.2","MYOD1",0.2868078927124,0.00821578851188982
"MA0831.3","TFE3",0.299723778857408,0.00821578851188982
"MA1112.2","NR4A1",0.217038061926559,0.0072586605197635
"MA0606.2","Nfat5",0.185216815856474,0.0072586605197635
"MA0036.3","GATA2",0.213156240796029,0.000238934208264218
"MA0004.1","Arnt",-0.639587406853466,0
"MA0006.1","Ahr::Arnt",0.191670182266046,0
"MA0019.1","Ddit3::Cebpa",-0.115032208024405,0
"MA0030.1","FOXF2",-0.0724321030528694,0
"MA0040.1","Foxq1",-0.0571658256785126,0
"MA0051.1","IRF2",-0.638275134956885,0
"MA0059.1","MAX::MYC",-0.438245659501372,0
"MA0066.1","PPARG",-0.0855440438437856,0
"MA0069.1","PAX6",0.274348841070231,0
"MA0070.1","PBX1",-0.0872760223932199,0
"MA0072.1","RORA",0.0259294756390731,0
"MA0073.1","RREB1",0.132621553928162,0
"MA0074.1","RXRA::VDR",0.110779777836358,0
"MA0077.1","SOX9",-0.032022867346333,0
"MA0091.1","TAL1::TCF3",0.328600556546991,0
"MA0111.1","Spz1",-0.0783742746083451,0
"MA0115.1","NR1H2::RXRA",0.157443728250236,0
"MA0119.1","NFIC::TLX1",-0.0307529979268302,0
"MA0125.1","Nobox",0.0742905831946183,0
"MA0135.1","Lhx3",-0.0443973536576721,0
"MA0139.1","CTCF",0.142058522370852,0
"MA0142.1","Pou5f1::Sox2",-0.329002744027446,0
"MA0149.1","EWSR1-FLI1",-0.100925151642805,0
"MA0138.2","REST",-0.427187266057086,0
"MA0002.2","Runx1",-0.344542816134298,0
"MA0151.1","Arid3a",0.134868305224886,0
"MA0155.1","INSM1",0.112638754721647,0
"MA0159.1","RARA::RXRA",0.266327631392445,0
"MA0163.1","PLAG1",0.0610831868116239,0
"MA0164.1","Nr2e3",-0.0159274038524142,0
"MA0259.1","ARNT::HIF1A",-0.187083389733213,0
"MA0145.2","Tfcp2l1",-0.144753229710354,0
"MA0146.2","Zfx",-0.576491569675567,0
"MA0468.1","DUX4",0.110562277375219,0
"MA0479.1","FOXH1",-0.344302860722328,0
"MA0488.1","JUN",0.0762446246552706,0
"MA0494.1","Nr1h3::Rxra",-0.0525883325728271,0
"MA0504.1","NR2C2",0.205152500115129,0
"MA0515.1","Sox6",-0.218187783266514,0
"MA0517.1","STAT1::STAT2",-0.314801455022243,0
"MA0523.1","TCF7L2",-0.435094160104717,0
"MA0527.1","ZBTB33",-0.197299465698099,0
"MA0137.3","STAT1",0.155793522553187,0
"MA0144.2","STAT3",-0.187121886350333,0
"MA0593.1","FOXP2",0.0328988839935693,0
"MA0595.1","SREBF1",-0.634019630275708,0
"MA0596.1","SREBF2",-0.145243814708008,0
"MA0599.1","KLF5",-0.0542779313030772,0
"MA0601.1","Arid3b",0.105093550706012,0
"MA0602.1","Arid5a",-0.474096208858745,0
"MA0603.1","Arntl",-0.512545524149725,0
"MA0604.1","Atf1",-0.428299523696313,0
"MA0608.1","Creb3l2",-0.363862865807269,0
"MA0610.1","DMRT3",0.129890258986208,0
"MA0613.1","FOXG1",-0.00529474205767411,0
"MA0614.1","Foxj2",-0.0982652266429982,0
"MA0615.1","Gmeb1",-0.00671384947785292,0
"MA0618.1","LBX1",-0.332730477615063,0
"MA0619.1","LIN54",-0.180329643474778,0
"MA0621.1","mix-a",-0.367033454531225,0
"MA0622.1","Mlxip",-0.639587406853466,0
"MA0626.1","Npas2",-0.79151814061377,0
"MA0628.1","POU6F1",-0.574966338087494,0
"MA0629.1","Rhox11",0.257653267518514,0
"MA0630.1","SHOX",-0.0692531651945103,0
"MA0631.1","Six3",-0.306542853618972,0
"MA0634.1","ALX3",-0.243717960408602,0
"MA0007.3","Ar",0.185445188058842,0
"MA0635.1","BARHL2",0.257389135459639,0
"MA0636.1","BHLHE41",-0.0900224871752617,0
"MA0638.1","CREB3",0.00784849210042493,0
"MA0639.1","DBP",0.1305758923323,0
"MA0027.2","EN1",0.00356953860790998,0
"MA0643.1","Esrrg",0.2437587893165,0
"MA0042.2","FOXI1",0.00302686367575955,0
"MA0033.2","FOXL1",0.0174997086789688,0
"MA0646.1","GCM1",-0.547428247915216,0
"MA0647.1","GRHL1",-0.243303088911121,0
"MA0648.1","GSC",-0.0960528154060416,0
"MA0649.1","HEY2",0.065510148326724,0
"MA0131.2","HINFP",0.0776920857575401,0
"MA0046.2","HNF1A",-0.224544990805382,0
"MA0153.2","HNF1B",-0.119753339381757,0
"MA0486.2","HSF1",0.263780036012419,0
"MA0653.1","IRF9",-0.0960097146517325,0
"MA0654.1","ISX",-0.196448833903224,0
"MA0657.1","KLF13",0.219258712124134,0
"MA0658.1","LHX6",-0.495828093975709,0
"MA0660.1","MEF2B",-0.203279548677878,0
"MA0661.1","MEOX1",-0.316325709701593,0
"MA0662.1","MIXL1",-0.0651918466756065,0
"MA0663.1","MLX",-0.247466215425498,0
"MA0664.1","MLXIPL",0.122014698604907,0
"MA0667.1","MYF6",0.365785162087709,0
"MA0669.1","NEUROG2",0.11306887490152,0
"MA0048.2","NHLH1",-0.022841179046126,0
"MA0672.1","NKX2-3",-0.110145778346374,0
"MA0673.1","NKX2-8",-0.0940884944637244,0
"MA0674.1","NKX6-1",-0.0872818890848421,0
"MA0676.1","Nr2e1",-0.125305057467659,0
"MA0677.1","Nr2f6",0.183755938688251,0
"MA0068.2","PAX4",-0.180443438272299,0
"MA0683.1","POU4F2",-0.368053696113234,0
"MA0512.2","Rxra",-0.302760428650676,0
"MA0687.1","SPIC",-0.174752890210045,0
"MA0009.2","TBXT",0.299383469917491,0
"MA0688.1","TBX2",0.112851256345112,0
"MA0689.1","TBX20",-0.475966866427743,0
"MA0694.1","ZBTB7B",0.0180080303512242,0
"MA0695.1","ZBTB7C",-0.538184486786094,0
"MA0696.1","ZIC1",-0.344326558026456,0
"MA0699.1","LBX2",-0.3617034412946,0
"MA0704.1","Lhx4",-0.552523351555014,0
"MA0705.1","Lhx8",-0.239874578131516,0
"MA0706.1","MEOX2",-0.527773084987018,0
"MA0709.1","Msx3",-0.167099206784597,0
"MA0124.2","Nkx3-1",-0.263356164905095,0
"MA0711.1","OTX1",-0.203131175605691,0
"MA0713.1","PHOX2A",0.0092126716598564,0
"MA0714.1","PITX3",-0.182508666391096,0
"MA0715.1","PROP1",-0.0249896060878187,0
"MA0716.1","PRRX1",-0.352699417483639,0
"MA0717.1","RAX2",-0.287351455554996,0
"MA0718.1","RAX",-0.177043141904568,0
"MA0719.1","RHOXF1",-0.433843194604489,0
"MA0720.1","Shox2",-0.279960752333419,0
"MA0721.1","UNCX",-0.249830388068493,0
"MA0722.1","VAX1",-0.420243339192813,0
"MA0725.1","VSX1",-0.420243339192813,0
"MA0726.1","VSX2",-0.357974301069454,0
"MA0141.3","ESRRB",-0.0407865142230719,0
"MA0017.2","NR2F1",0.0778276393328614,0
"MA0113.3","NR3C1",0.0435054463915869,0
"MA0727.1","NR3C2",0.0435054463915869,0
"MA0728.1","Nr2F6",-0.169353836472664,0
"MA0730.1","RARA",0.157443728250236,0
"MA0731.1","BCL6B",0.157443728250236,0
"MA0472.2","EGR2",0.117447150418443,0
"MA0736.1","GLIS2",-0.301443696550866,0
"MA0739.1","Hic1",-0.159542023823133,0
"MA0741.1","KLF16",-0.0243123258230247,0
"MA0747.1","SP8",0.261857895289188,0
"MA0751.1","ZIC4",-0.0949194221996619,0
"MA0088.2","ZNF143",-0.169545053126816,0
"MA0755.1","CUX2",-0.0172401758939866,0
"MA0757.1","ONECUT3",-0.03134293838602,0
"MA0758.1","E2F7",-0.119792695371646,0
"MA0760.1","ERF",0.0499255193732493,0
"MA0098.3","ETS1",0.304892399961334,0
"MA0762.1","ETV2",0.254887375378754,0
"MA0767.1","GCM2",-0.189648254922343,0
"MA0770.1","HSF2",0.0139473877543752,0
"MA0772.1","IRF7",-0.0600015717923643,0
"MA0773.1","MEF2D",0.0640338222663637,0
"MA0774.1","MEIS2",0.0134911149906829,0
"MA0775.1","MEIS3",0.232764971275545,0
"MA0776.1","MYBL1",-0.111481133517883,0
"MA0777.1","MYBL2",0.157443728250236,0
"MA0105.4","NFKB1",-0.302175879295369,0
"MA0778.1","NFKB2",-0.491029196369053,0
"MA0779.1","PAX1",-0.407896874275036,0
"MA0780.1","PAX3",-0.453774556542295,0
"MA0781.1","PAX9",-0.260927515480453,0
"MA0783.1","PKNOX2",0.101824272074277,0
"MA0785.1","POU2F1",-0.0655229312579362,0
"MA0786.1","POU3F1",-0.151991401784697,0
"MA0787.1","POU3F2",-0.154182057172609,0
"MA0788.1","POU3F3",-0.206127310171691,0
"MA0789.1","POU3F4",-0.204313494384016,0
"MA0790.1","POU4F1",-0.149624760202856,0
"MA0791.1","POU4F3",-0.067604089109019,0
"MA0792.1","POU5F1B",-0.203570116664997,0
"MA0793.1","POU6F2",-0.0278444001158533,0
"MA0794.1","PROX1",-0.399033410381144,0
"MA0796.1","TGIF1",0.157443728250236,0
"MA0797.1","TGIF2",0.0336681407407489,0
"MA0511.2","RUNX2",0.0496458007418674,0
"MA0800.1","EOMES",-0.0983520051770084,0
"MA0801.1","MGA",-0.274386934663834,0
"MA0802.1","TBR1",0.0189934308122348,0
"MA0803.1","TBX15",-0.230188666913541,0
"MA0804.1","TBX19",0.190506429362947,0
"MA0805.1","TBX1",-0.166187899481035,0
"MA0806.1","TBX4",-0.326958498355762,0
"MA0807.1","TBX5",-0.150478440598053,0
"MA0810.1","TFAP2A",0.206241098958009,0
"MA0811.1","TFAP2B",0.161430398794773,0
"MA0812.1","TFAP2B",0.0966284505983621,0
"MA0813.1","TFAP2B",-0.118394700467642,0
"MA0524.2","TFAP2C",0.297005929293412,0
"MA0815.1","TFAP2C",0.00692122977479182,0
"MA0816.1","Ascl2",0.257910469989704,0
"MA0461.2","Atoh1",0.292836756828236,0
"MA0464.2","BHLHE40",-0.466801183164742,0
"MA0817.1","BHLHE23",0.338413556020148,0
"MA0820.1","FIGLA",0.0492034078783883,0
"MA0822.1","HES7",0.096106387685416,0
"MA0823.1","HEY1",-0.125124857832396,0
"MA0058.3","MAX",-0.491421770273919,0
"MA0825.1","MNT",-0.639587406853466,0
"MA0826.1","OLIG1",0.136757433658022,0
"MA0834.1","ATF7",0.299383469917491,0
"MA0838.1","CEBPG",-0.0816427479310513,0
"MA0839.1","CREB3L1",0.0499437010482966,0
"MA0117.2","Mafb",0.0832410256364025,0
"MA0844.1","XBP1",0.00784849210042493,0
"MA0845.1","FOXB1",0.157895891358963,0
"MA0032.2","FOXC1",-0.101006542470385,0
"MA0846.1","FOXC2",0.0124762254594248,0
"MA0848.1","FOXO4",0.00302686367575955,0
"MA0849.1","FOXO6",0.0769171868329535,0
"MA0850.1","FOXP3",-0.0990471428698738,0
"MA0853.1","Alx4",-0.161133431191497,0
"MA0854.1","Alx1",-0.186879573561166,0
"MA0855.1","RXRB",-0.103483787230217,0
"MA0856.1","RXRG",-0.103483787230217,0
"MA0857.1","Rarb",0.0139472654094952,0
"MA0858.1","Rarb",0.157443728250236,0
"MA0859.1","Rarg",0.0462198637203097,0
"MA0860.1","Rarg",-0.116861494980075,0
"MA0106.3","TP53",-0.299399548818798,0
"MA0861.1","TP73",-0.487522171518689,0
"MA0862.1","GMEB2",0.122503488940822,0
"MA0863.1","MTF1",-0.105635960473347,0
"MA0024.3","E2F1",-0.0974440399912844,0
"MA0870.1","Sox1",-0.50425667812166,0
"MA0872.1","TFAP2A",-0.125793198756576,0
"MA0873.1","HOXD12",0.0922557264713229,0
"MA0874.1","Arx",-0.00414643969443329,0
"MA0876.1","BSX",0.0260941137742448,0
"MA0880.1","Dlx3",-0.312946082275426,0
"MA0881.1","Dlx4",-0.315585771466189,0
"MA0882.1","DLX6",-0.0854301858707931,0
"MA0883.1","Dmbx1",-0.468376107211763,0
"MA0886.1","EMX2",-0.123206931016455,0
"MA0887.1","EVX1",-0.130843828803795,0
"MA0888.1","EVX2",-0.289914233241324,0
"MA0889.1","GBX1",-0.110906928354702,0
"MA0890.1","GBX2",-0.168268521052072,0
"MA0891.1","GSC2",-0.251321018656752,0
"MA0892.1","GSX1",-0.573597883714067,0
"MA0894.1","HESX1",-0.408427078223241,0
"MA0895.1","HMBOX1",-0.461025535326534,0
"MA0896.1","Hmx1",-0.207359152303003,0
"MA0897.1","Hmx2",0.067408082881534,0
"MA0898.1","Hmx3",0.0111267958650227,0
"MA0899.1","HOXA10",-0.25665300063429,0
"MA0903.1","HOXB3",0.103480329102272,0
"MA0905.1","HOXC10",-0.0985612693533042,0
"MA0906.1","HOXC12",0.323404931629574,0
"MA0908.1","HOXD11",0.0702110700395799,0
"MA0914.1","ISL2",0.116479464107033,0
"MA0852.2","FOXK1",-0.118197067107698,0
"MA1106.1","HIF1A",-0.491226251974633,0
"MA0147.3","MYC",-0.724117086882534,0
"MA0104.4","MYCN",-0.685919817917843,0
"MA1109.1","NEUROD1",0.136805184593869,0
"MA0060.3","NFYA",-0.386068068384998,0
"MA0014.3","PAX5",-0.413502709515993,0
"MA1114.1","PBX3",-0.435664791389623,0
"MA1115.1","POU5F1",0.0580165492006151,0
"MA1116.1","RBPJ",0.170935065294643,0
"MA1118.1","SIX1",-0.371004832707658,0
"MA1119.1","SIX2",-0.313480643345161,0
"MA0442.2","SOX10",0.0535563860205883,0
"MA1120.1","SOX13",-0.00984180001043278,0
"MA0103.3","ZEB1",-0.327136631098908,0
"MA1124.1","ZNF24",0.321973184050018,0
"MA1125.1","ZNF384",-0.262297752030491,0
"MA1155.1","ZSCAN4",-0.0278907009296945,0
"MA1126.1","FOS::JUN",0.0335909884694594,0
"MA1136.1","FOSB::JUNB",0.275818719716653,0
"MA1139.1","FOSL2::JUNB",0.399834721478515,0
"MA1143.1","FOSL1::JUND",0.317875381645927,0
"MA1146.1","NR1H4::RXRA",-0.200766744757824,0
"MA1147.1","NR4A2::RXRA",-0.761590931308458,0
"MA1149.1","RARA::RXRG",0.366836207742531,0
"MA1150.1","RORB",0.279560381423487,0
"MA1151.1","RORC",0.0255833456673074,0
"MA1152.1","SOX15",-0.0649515954533886,0
"MA1418.1","IRF3",-0.0130492097923263,0
"MA1419.1","IRF4",-0.0960097146517325,0
"MA1420.1","IRF5",-0.04712014474842,0
"MA1421.1","TCF7L1",0.0732069098426269,0
"MA1463.1","ARGFX",-0.225335550855914,0
"MA1464.1","ARNT2",-0.512545524149725,0
"MA1466.1","ATF6",-0.209752175295538,0
"MA1468.1","ATOH7",-0.446342190932176,0
"MA1471.1","BARX2",-0.189054939697373,0
"MA1473.1","CDX4",-0.323878223800656,0
"MA1474.1","CREB3L4",-0.153512072989067,0
"MA1475.1","CREB3L4",0.0993412622296952,0
"MA1478.1","DMRTA2",0.0859994754906133,0
"MA1479.1","DMRTC2",0.0744327841870485,0
"MA1480.1","DPRX",-0.49817541737915,0
"MA1481.1","DRGX",-0.353915715901551,0
"MA1485.1","FERD3L",-0.106576938049063,0
"MA1493.1","HES6",-0.403388229594933,0
"MA1494.1","HNF4A",-0.0316033485647456,0
"MA1495.1","HOXA1",-0.790406056258265,0
"MA1496.1","HOXA4",-0.179767277018565,0
"MA1497.1","HOXA6",-0.356937113716199,0
"MA1499.1","HOXB4",0.118431360386952,0
"MA1501.1","HOXB7",-0.0739082544846053,0
"MA1502.1","HOXB8",0.124370421809227,0
"MA1504.1","HOXC4",-0.0659828073256525,0
"MA1505.1","HOXC8",-0.490035419877823,0
"MA1507.1","HOXD4",-0.103524561223217,0
"MA1508.1","IKZF1",-0.143060095908981,0
"MA1509.1","IRF6",0.198458318274686,0
"MA1512.1","KLF11",0.233890279911087,0
"MA1513.1","KLF15",-0.0673983036077805,0
"MA1515.1","KLF2",0.191328766362045,0
"MA1516.1","KLF3",-0.0129507775143871,0
"MA1517.1","KLF6",0.2491911667369,0
"MA1519.1","LHX5",-0.211689358763791,0
"MA1520.1","MAF",0.197052434265681,0
"MA1521.1","MAFA",-0.0205983900694697,0
"MA1522.1","MAZ",-0.325611888210156,0
"MA1523.1","MSANTD3",-0.152107754399894,0
"MA1529.1","NHLH2",-0.699852636710961,0
"MA1530.1","NKX6-3",-0.236810703077985,0
"MA1531.1","NR1D1",-0.159242554017815,0
"MA1533.1","NR1I2",-0.441089258102583,0
"MA1534.1","NR1I3",-0.09459866789215,0
"MA1537.1","NR2F1",0.0819171050967809,0
"MA1538.1","NR2F1",-0.412619262581181,0
"MA1539.1","NR2F6",-0.570062990831417,0
"MA1541.1","NR6A1",-0.129719834558067,0
"MA1542.1","OSR1",-0.577099137704542,0
"MA1544.1","OVOL1",-0.156843294504352,0
"MA1545.1","OVOL2",-0.146709593431189,0
"MA1546.1","PAX3",-0.17394571786288,0
"MA1548.1","PLAGL2",0.134377362094894,0
"MA1549.1","POU6F1",0.102117524039613,0
"MA1550.1","PPARD",0.0869858373819938,0
"MA1552.1","RARB",0.104688716406281,0
"MA1553.1","RARG",-0.14882560715949,0
"MA1554.1","RFX7",-0.00367223155344121,0
"MA1555.1","RXRB",-0.139132626702871,0
"MA1556.1","RXRG",-0.12347774271238,0
"MA1557.1","SMAD5",-0.145112690856859,0
"MA1558.1","SNAI1",-0.236884266499331,0
"MA1559.1","SNAI3",-0.253736139483849,0
"MA1560.1","SOHLH2",-0.422636913881319,0
"MA1561.1","SOX12",-0.603129698664004,0
"MA1562.1","SOX14",-0.29983572743207,0
"MA1564.1","SP9",-0.0677150486334481,0
"MA1568.1","TCF21",0.295657982896449,0
"MA1569.1","TFAP2E",0.184337214016201,0
"MA1570.1","TFAP4",-0.222082203530212,0
"MA1571.1","TGIF2LX",-0.0132075157173479,0
"MA1572.1","TGIF2LY",0.0207448756905357,0
"MA1575.1","THRB",0.104688716406281,0
"MA1576.1","THRB",-0.190705333345416,0
"MA1577.1","TLX2",-0.0155411414232685,0
"MA1578.1","VEZF1",0.00605121587808899,0
"MA1579.1","ZBTB26",-0.0607367043511626,0
"MA1580.1","ZBTB32",-0.523532083001065,0
"MA1581.1","ZBTB6",-0.236673281966356,0
"MA1583.1","ZFP57",-0.146351145784811,0
"MA1584.1","ZIC5",-0.440956263430925,0
"MA1585.1","ZKSCAN1",-0.403274608336659,0
"MA1587.1","ZNF135",-0.290020069582797,0
"MA1588.1","ZNF136",-0.16615373623069,0
"MA1589.1","ZNF140",0.256059209383707,0
"MA1592.1","ZNF274",-0.078269709093933,0
"MA1593.1","ZNF317",0.103848290469729,0
"MA1594.1","ZNF382",-0.0920742188041972,0
"MA1596.1","ZNF460",-0.339729820036792,0
"MA1599.1","ZNF682",-0.233737792493507,0
"MA1600.1","ZNF684",0.317119674818283,0
"MA1602.1","ZSCAN29",-0.208578246391503,0
"MA1603.1","Dmrt1",-0.230271331239233,0
"MA1606.1","Foxf1",-0.268331115032673,0
"MA1607.1","Foxl2",-0.0607286665829543,0
"MA1608.1","Isl1",-0.385370510817115,0
"MA1615.1","Plagl1",-0.228421672926078,0
"MA1618.1","Ptf1a",-0.154650137958345,0
"MA1620.1","Ptf1A",-0.57860007238359,0
"MA1621.1","Rbpjl",-0.516153157467775,0
"MA1623.1","Stat2",-0.0990994997809169,0
"MA1624.1","Stat5a",0.0444179659539428,0
"MA1627.1","Wt1",-0.157153080176855,0
"MA1628.1","Zic1::Zic2",-0.127121675695108,0
"MA1100.2","ASCL1",-0.0255837513790205,0
"MA0463.2","BCL6",-0.422969578848988,0
"MA0864.2","E2F2",-0.177505301845378,0
"MA0470.2","E2F4",-0.146960048679353,0
"MA0612.2","EMX1",-0.325039411837055,0
"MA0038.2","GFI1",-0.031235036265727,0
"MA1099.2","HES1",0.0345879786778531,0
"MA0616.2","HES2",-0.181433778181894,0
"MA0900.2","HOXA2",0.132326900771549,0
"MA0902.2","HOXB2",0.0986417995441968,0
"MA0912.2","HOXD3",0.0335340407071971,0
"MA0910.2","HOXD8",0.166844562577303,0
"MA0913.2","HOXD9",-0.161782451394275,0
"MA1140.2","JUNB",0.157443728250236,0
"MA0701.2","LHX9",-0.253585332980601,0
"MA0702.2","LMX1A",-0.552523351555014,0
"MA0703.2","LMX1B",-0.371157426222134,0
"MA0623.2","NEUROG1",-0.0316741983245574,0
"MA0842.2","NRL",0.0377261261652935,0
"MA0682.2","PITX1",-0.332341048963195,0
"MA0075.3","PRRX2",-0.432890135224222,0
"MA0867.2","SOX4",0.0601093229833891,0
"MA0868.2","SOX8",-0.211509711582775,0
"MA0746.2","SP3",-0.0019503847897866,0
"MA0871.2","TFEC",0.00752152822765284,0
"MA0753.2","ZNF740",-0.237855743707727,0
"MA0122.3","Nkx3-2",-0.0476161397303478,0
"MA1707.1","DMRTA1",0.0534851271404166,0
"MA1709.1","ZIM3",-0.213615003560489,0
"MA1710.1","ZNF257",-0.195433272094539,0
"MA1711.1","ZNF343",0.299383469917491,0
"MA1712.1","ZNF454",-0.0414273255060111,0
"MA1713.1","ZNF610",-0.0117767310937031,0
"MA1714.1","ZNF675",-0.391417487882492,0
"MA1715.1","ZNF707",-0.0270208988338445,0
"MA1717.1","ZNF784",-0.231574530877904,0
"MA1718.1","ZNF8",0.0548033698128796,0
"MA1719.1","ZNF816",-0.321740404091601,0
"MA1720.1","ZNF85",-0.195171296477918,0
"MA1721.1","ZNF93",0.219258712124134,0
"MA1723.1","PRDM9",-0.261326234093768,0
"MA1724.1","Rfx6",0.0986076019067994,0
"MA1631.1","ASCL1",0.260689798419535,0
"MA1632.1","ATF2",0.158237032001977,0
"MA1636.1","CEBPG",-0.452688355622781,0
"MA1638.1","HAND2",0.15263494001811,0
"MA1639.1","MEIS1",-0.508819414804989,0
"MA1640.1","MEIS2",-0.270751605456854,0
"MA1642.1","NEUROG2",0.142408973147593,0
"MA1644.1","NFYC",-0.367381358099253,0
"MA1645.1","NKX2-2",-0.430638420376152,0
"MA1646.1","OSR2",-0.0126118255740328,0
"MA1648.1","TCF12",-0.234953788541364,0
"MA1650.1","ZBTB14",0.0515026433517924,0
"MA1651.1","ZFP42",-0.0327277347778869,0
"MA1652.1","ZKSCAN5",0.270823459440647,0
"MA1653.1","ZNF148",-0.0388306962640401,0
"MA1655.1","ZNF341",0.134705045823977,0
"MA1656.1","ZNF449",0.112408115622159,0
"MA1683.1","FOXA3",0.0972242386590807,0
"MA1726.1","ZNF331",-0.156931091826138,0
"MA1727.1","ZNF417",-0.441019459717101,0
"MA1728.1","ZNF549",-0.667804137644772,0
"MA1729.1","ZNF680",-0.000686954131112749,0
"MA1730.1","ZNF708",0.323284204262095,0
"MA1731.1","ZNF768",0.146607722561837,0
"MA0833.2","ATF4",-0.65382306715013,0
"MA0465.2","CDX2",-0.395703905582275,0
"MA0102.4","CEBPA",-0.425248939750266,0
"MA0836.2","CEBPD",0.103168088994934,0
"MA0018.4","CREB1",-0.112378197798155,0
"MA1102.2","CTCFL",0.0138667359761278,0
"MA0471.2","E2F6",-0.0666961542690681,0
"MA0162.4","EGR1",0.310073647196436,0
"MA0473.3","ELF1",0.149853429948123,0
"MA0761.2","ETV1",-0.152392124562049,0
"MA0148.4","FOXA1",0.0890781144951616,0
"MA0047.3","FOXA2",0.0817861988588007,0
"MA1103.2","FOXK2",-0.0927390458964918,0
"MA0481.3","FOXP1",-0.0498163383536987,0
"MA0062.3","GABPA",-0.0130438981928238,0
"MA0035.4","GATA1",0.0766203023462158,0
"MA1105.2","GRHL2",-0.436381284262843,0
"MA0043.3","HLF",-0.386905562420013,0
"MA0114.4","HNF4A",-0.130347314012733,0
"MA0484.2","HNF4G",-0.130347314012733,0
"MA0901.2","HOXB13",-0.181583580680051,0
"MA0039.4","KLF4",0.0800715015014628,0
"MA0700.2","LHX2",-0.0974651388013354,0
"MA0052.4","MEF2A",-0.0926055374931432,0
"MA1108.2","MXI1",-0.145143500064965,0
"MA0056.2","MZF1",0.0602820305312122,0
"MA0025.2","NFIL3",-0.0554424297568756,0
"MA0502.2","NFYB",0.255154227656013,0
"MA0063.2","NKX2-5",-0.354462462970055,0
"MA0679.2","ONECUT1",-0.0261605402850673,0
"MA0712.2","OTX2",-0.341208620125351,0
"MA1113.2","PBX2",-0.0467210844116259,0
"MA0681.2","PHOX2B",0.194670444350327,0
"MA0782.2","PKNOX1",-0.0872775025898891,0
"MA0627.2","POU2F3",0.186346723256462,0
"MA0508.3","PRDM1",0.166697862918699,0
"MA0743.2","SCRT1",-0.0656291613370792,0
"MA0744.2","SCRT2",-0.174442870512168,0
"MA0745.2","SNAI2",-0.368044696936526,0
"MA0143.4","SOX2",-0.000184330252679388,0
"MA0081.2","SPIB",0.179959528175887,0
"MA0829.2","SREBF1",-0.493794297172333,0
"MA0522.3","TCF3",-0.193156844663571,0
"MA0830.2","TCF4",-0.218355584753725,0
"MA0769.2","TCF7",-0.0676901660903875,0
"MA0003.4","TFAP2A",-0.0384619234784633,0
"MA0814.2","TFAP2C",-0.151809484679848,0
"MA0748.2","YY2",0.00612685999908047,0
"MA0528.2","ZNF263",-0.0167813506262933,0
"MA1684.1","Foxn1",0.00945416069755112,0
"MA1929.1","CTCF",-0.881474840891909,0
"MA1930.1","CTCF",-0.228452579873719,0
"MA1931.1","ELK1::HOXA1",-0.210842622591527,0
"MA1932.1","ELK1::HOXB13",-0.0743926937526278,0
"MA1933.1","ELK1::SREBF2",-0.300009397155934,0
"MA1935.1","ERF::FOXI1",-0.229787710677229,0
"MA1936.1","ERF::FOXO1",-0.358409250224602,0
"MA1937.1","ERF::HOXB13",-0.0094257701217364,0
"MA1938.1","ERF::NHLH1",-0.188084991191409,0
"MA1939.1","ERF::SREBF2",-0.417978065937223,0
"MA1940.1","ETV2::DRGX",-0.12272401073889,0
"MA1941.1","ETV2::FIGLA",0.223063366654838,0
"MA1942.1","ETV2::FOXI1",-0.344583421793322,0
"MA1943.1","ETV2::HOXB13",0.0786731530088209,0
"MA1944.1","ETV5::DRGX",-0.193222250935279,0
"MA1945.1","ETV5::FIGLA",-0.0917759114314243,0
"MA1946.1","ETV5::FOXI1",-0.221492361022698,0
"MA1947.1","ETV5::FOXO1",-0.391744750686231,0
"MA1948.1","ETV5::HOXA2",-0.10779587986427,0
"MA1949.1","FLI1::DRGX",0.275270132473573,0
"MA1950.1","FLI1::FOXI1",-0.513823809715812,0
"MA1952.1","FOXJ2::ELF1",-0.312156023583458,0
"MA1953.1","FOXO1::ELF1",-0.389218268479481,0
"MA1954.1","FOXO1::ELK1",-0.176594300477384,0
"MA1955.1","FOXO1::ELK3",-0.407625314298799,0
"MA1956.1","FOXO1::FLI1",-0.4731869984769,0
"MA1957.1","HOXB2::ELK1",-0.149132690185849,0
"MA1958.1","HOXD12::ELK1",-0.155472410745579,0
"MA1959.1","KLF7",-0.0375776034673807,0
"MA1960.1","MGA::EVX1",-0.47139525954552,0
"MA1961.1","PATZ1",-0.240056821890173,0
"MA1962.1","POU2F1::SOX2",-0.25839298347153,0
"MA1963.1","SATB1",0.131381343734723,0
"MA1964.1","SMAD2",0.206793729145412,0
"MA1965.1","SP5",-0.195821483987533,0
"MA1966.1","TFAP4::ETV1",0.204267544927929,0
"MA1967.1","TFAP4::FLI1",0.090870260928317,0
"MA1968.1","TFCP2",-0.111602888045597,0
"MA1969.1","THRA",-0.0533561003313991,0
"MA1970.1","TRPS1",0.192964436547019,0
"MA1971.1","ZBED2",-0.261011463885276,0
"MA1972.1","ZFP14",-0.221236883032185,0
"MA1973.1","ZKSCAN3",0.0194707736163817,0
"MA1974.1","ZNF211",-0.218525634173344,0
"MA1976.1","ZNF320",-0.339925192108712,0
"MA1977.1","ZNF324",-0.394118712364602,0
"MA1978.1","ZNF354A",0.0857029076904423,0
"MA1981.1","ZNF530",-0.064179186261407,0
"MA1982.1","ZNF574",-0.121025940266279,0
"MA1983.1","ZNF582",-0.230918384575565,0
"MA1984.1","ZNF667",0.12631271196863,0
"MA1985.1","ZNF669",0.0623974994315502,0
"MA1986.1","ZNF692",0.14129410635961,0
"MA1989.1","Bcl11B",-0.186210087882318,0
"MA1990.1","Gli1",-0.50344467274803,0
"MA1991.1","Hnf1A",-0.145233256332335,0
"MA1992.1","Ikzf3",-0.0907946365235048,0
"MA1994.1","Nkx2-1",-0.112695238000258,0
"MA1998.1","Prdm14",0.0230079648549939,0
"MA1999.1","Prdm5",-0.562368930996262,0
"MA2001.1","Six4",-0.267883772236683,0
"MA2002.1","Zfp335",-0.0309246473981375,0
"MA2003.1","NKX2-4",-0.188711146706022,0
"MA0037.4","Gata3",0.154122562022979,0
"MA0041.2","FOXD3",0.0960525443121378,0
"MA0050.3","Irf1",-0.203646877565686,0
"MA0067.2","PAX2",-0.199013899476488,0
"MA0078.2","Sox17",0.224810020530367,0
"MA0079.5","SP1",-0.165610275448423,0
"MA0080.6","Spi1",-0.00979690293835045,0
"MA0087.2","Sox5",-0.282386069459901,0
"MA0095.3","Yy1",-0.329572588502643,0
"MA0156.3","FEV",0.213782358524175,0
"MA0157.3","Foxo3",-0.0616134640714296,0
"MA0467.2","Crx",-0.401594286791303,0
"MA0474.3","Erg",-0.196875233956848,0
"MA0493.2","KLF1",-0.00491591520385803,0
"MA0505.2","Nr5A2",-0.146256955627278,0
"MA0506.2","Nrf1",0.157443728250236,0
"MA0507.2","POU2F2",0.136063111618169,0
"MA0509.3","RFX1",0.157443728250236,0
"MA0514.2","Sox3",-0.0388267238569862,0
"MA0516.3","SP2",-0.356571850584193,0
"MA0611.2","Dux",-0.0424270088913783,0
"MA0642.2","EN2",-0.208857254699134,0
"MA0644.2","ESX1",-0.353915715901551,0
"MA0650.3","Hoxa13",0.152512233360705,0
"MA0666.2","MSX1",-0.286030020921219,0
"MA0668.2","Neurod2",-0.0146077406159284,0
"MA0680.2","Pax7",-0.300416097341691,0
"MA0685.2","SP4",-0.121781087974896,0
"MA0690.2","TBX21",0.0277225155398746,0
"MA0693.3","Vdr",0.00671252962609259,0
"MA0707.2","MNX1",-0.120527282033648,0
"MA0708.2","MSX2",-0.250214670316093,0
"MA0723.2","VAX2",-0.772856001060397,0
"MA0734.3","Gli2",-0.883391084747659,0
"MA0740.2","KLF14",-0.214657731198343,0
"MA0742.2","KLF12",-0.301553312388503,0
"MA0754.2","CUX1",-0.0686152400172109,0
"MA0756.2","ONECUT2",0.215000192399206,0
"MA0759.2","ELK3",0.205325890928824,0
"MA0765.3","ETV5",0.157443728250236,0
"MA0768.2","Lef1",-0.289141211744057,0
"MA0784.2","POU1F1",0.295294858309186,0
"MA0798.3","RFX3",0.157443728250236,0
"MA0799.2","RFX4",-0.253474255303475,0
"MA0819.2","CLOCK",-0.75089479307904,0
"MA0821.2","HES5",-0.314091026935082,0
"MA0828.2","SREBF2",0.157443728250236,0
"MA0837.2","CEBPE",0.157443728250236,0
"MA0847.3","FOXD2",0.164929236322916,0
"MA0865.2","E2F8",0.18197503974398,0
"MA0869.2","Sox11",-0.133909246281018,0
"MA0877.3","BARHL1",0.24882247411321,0
"MA0878.3","CDX1",-0.365357316614644,0
"MA0879.2","DLX1",0.0424671843522173,0
"MA0884.2","DUXA",-0.00360750597490522,0
"MA0885.2","Dlx2",0.0457540289475844,0
"MA0909.3","Hoxd13",0.127799374230419,0
"MA1467.2","Atoh1",0.190952020960757,0
"MA1476.2","Dlx5",0.00858800768061219,0
"MA1483.2","ELF2",0.306818039024972,0
"MA1487.2","FOXE1",0.189800925780756,0
"MA1491.2","GLI3",-0.334010544051748,0
"MA1511.2","KLF10",-0.431052448858696,0
"MA1518.2","Lhx1",-0.305957966715764,0
"MA1532.2","NR1D2",-0.0312668654647483,0
"MA1547.2","PITX2",-0.111056164111945,0
"MA1563.2","SOX18",-0.167802863890258,0
"MA1566.2","TBX3",0.0798574784726727,0
"MA1567.2","Tbx6",-0.232507931859158,0
"MA1573.2","Thap11",0.104501637216286,0
"MA1630.2","ZNF281",-0.586150466677398,0
"MA1647.2","Prdm4",-0.756405953342162,0
"MA0597.2","THAP1",0.0829095835296769,0
"MA1540.2","NR5A1",-0.0989395483724387,0
"MA0130.1","ZNF354C",NA,NA
"MA0652.1","IRF8",NA,NA
"MA0112.3","ESR1",NA,NA
"MA0729.1","RARA",NA,NA
"MA0732.1","EGR3",NA,NA
"MA0735.1","GLIS1",NA,NA
"MA0737.1","GLIS3",NA,NA
"MA0749.1","ZBED1",NA,NA
"MA0752.1","ZNF410",NA,NA
"MA0525.2","TP63",NA,NA
"MA1122.1","TFDP1",NA,NA
"MA1154.1","ZNF282",NA,NA
"MA1470.1","BACH2",NA,NA
"MA0469.3","E2F3",NA,NA
"MA0594.2","HOXA9",NA,NA
"MA1722.1","ZSCAN31",NA,NA
"MA1995.1","Npas4",NA,NA
"MA0466.3","CEBPB",NA,NA
"MA0526.4","USF2",NA,NA
