"motif","TF","log2enr","negLog10FDR"
"MA1130.1","FOSL2::JUN",1.95372519126644,10.7084423619373
"MA1128.1","FOSL1::JUN",1.80998601470032,10.0850932395635
"MA1141.1","FOS::JUND",1.89638137435147,10.0850932395635
"MA0489.2","Jun",1.79507087018564,10.0209974408281
"MA1137.1","FOSL1::JUNB",1.7631390655857,9.41112429402676
"MA1988.1","Atf3",1.64781043140021,9.37693888288398
"MA0476.1","FOS",1.87349046639928,9.33000944033903
"MA0462.2","BATF::JUN",1.6417085766256,8.96675018043954
"MA1634.1","BATF",1.6417085766256,8.96675018043954
"MA0477.2","FOSL1",1.7596130979554,8.93974140635976
"MA0808.1","TEAD3",1.13122298690752,8.85648804340103
"MA1135.1","FOSB::JUNB",1.66473491851364,8.8046084503101
"MA0490.2","JUNB",1.70487194036642,8.8046084503101
"MA0099.3","FOS::JUN",1.61637293770034,8.60692800434523
"MA1144.1","FOSL2::JUND",1.68617134788447,8.45319345023024
"MA0835.2","BATF3",1.50498389576207,8.07143804949025
"MA1138.1","FOSL2::JUNB",1.64454308423248,7.94461579820518
"MA0491.2","JUND",1.67843734336476,7.88889332842974
"MA1134.1","FOS::JUNB",1.64898720473253,7.75161157037449
"MA1142.1","FOSL1::JUND",1.55351488335604,7.59102720160595
"MA1633.2","BACH1",1.55822480074134,6.8021418760804
"MA1928.1","BNC2",1.44859652114802,6.71982632787398
"MA0809.2","TEAD4",1.11175151152737,6.05338020088839
"MA0478.1","FOSL2",1.44937057981437,5.35823985158517
"MA1132.1","JUN::JUNB",1.38569949258635,5.35823985158517
"MA0090.3","TEAD1",1.07183828073196,5.08469673782829
"MA1121.1","TEAD2",0.998810182320631,4.67442829441061
"MA0655.1","JDP2",1.3144936626032,3.42807691812248
"MA0710.1","NOTO",1.08275743644093,2.5293913637768
"MA0841.1","NFE2",1.25566563507037,2.22647473850656
"MA0662.1","MIXL1",1.1929999734553,2.00861099090924
"MA1101.2","BACH2",1.23825365130802,2.00861099090924
"MA0630.1","SHOX",1.15140861456012,1.53069256571933
"MA0874.1","Arx",1.09553997752847,1.34821342194425
"MA0089.2","MAFG::NFE2L1",0.931331376021334,1.12687555842404
"MA1601.2","ZNF75D",0.990840602412081,1.09634587425107
"MA1607.1","Foxl2",0.682164306868752,1.00912775783477
"MA0893.2","GSX2",0.807706378418693,0.960510703401405
"MA0853.1","Alx4",0.961683177091197,0.918864583911935
"MA0675.1","NKX6-2",0.807421211363547,0.904464876742689
"MA0150.2","Nfe2l2",0.827632373545652,0.830731196181001
"MA0721.1","UNCX",0.875040619808097,0.830731196181001
"MA1979.1","ZNF416",0.711114274673917,0.82107514354201
"MA1528.1","NFIX",0.910135922981835,0.732704348168087
"MA0810.1","TFAP2A",0.798872314230358,0.668540147011
"MA1574.1","THRB",0.817373794687641,0.580307111855748
"MA0766.2","GATA5",0.650028155696964,0.580307111855748
"MA1597.1","ZNF528",0.771770890103685,0.56824243302347
"MA0158.2","HOXA5",0.712057999762157,0.56824243302347
"MA1148.1","PPARA::RXRA",0.697962720095765,0.499434032109769
"MA1683.1","FOXA3",0.572337891546948,0.499434032109769
"MA0797.1","TGIF2",0.737864876889218,0.476339354798043
"MA1103.2","FOXK2",0.589305795904155,0.47026394273141
"MA1656.1","ZNF449",0.773150399404418,0.44700310321524
"MA0481.3","FOXP1",0.548923263478743,0.44700310321524
"MA0592.3","ESRRA",0.62919511608099,0.423768723070796
"MA1104.2","GATA6",0.508414267584415,0.423768723070796
"MA0811.1","TFAP2B",0.741258282791261,0.410733731533174
"MA1980.1","ZNF418",0.648789432723454,0.399654202867927
"MA0132.2","PDX1",0.499049273217918,0.375124918390709
"MA0504.1","NR2C2",0.69788057403118,0.364239618798648
"MA0501.1","MAF::NFE2",0.624003058732682,0.352265013451882
"MA1575.1","THRB",0.638232878425848,0.281539769361228
"MA1930.1","CTCF",0.638232878425848,0.281539769361228
"MA0717.1","RAX2",0.617412414150015,0.278305413853496
"MA0092.1","Hand1::Tcf3",0.477831393801519,0.276893682841747
"MA0849.1","FOXO6",0.477589824750362,0.276893682841747
"MA1579.1","ZBTB26",0.454168761645292,0.276209996196808
"MA0163.1","PLAG1",0.658197998521197,0.203416522906892
"MA0670.1","NFIA",0.403587852133591,0.203416522906892
"MA0705.1","Lhx8",0.655452913565304,0.203416522906892
"MA1500.1","HOXB6",0.54786826463907,0.203416522906892
"MA1629.1","Zic2",0.55082716259108,0.203416522906892
"MA1112.2","NR4A1",0.456010219233888,0.203416522906892
"MA0037.4","Gata3",0.438495821114349,0.203416522906892
"MA0042.2","FOXI1",0.369351868922629,0.188998623541883
"MA0848.1","FOXO4",0.369351868922629,0.188998623541883
"MA1637.1","EBF3",0.525339038638201,0.188998623541883
"MA0047.3","FOXA2",0.426350846911636,0.188998623541883
"MA0643.1","Esrrg",0.556969201884282,0.18603784595943
"MA0906.1","HOXC12",0.605178235095327,0.18603784595943
"MA1111.1","NR2F2",0.521582726051983,0.18603784595943
"MA1502.1","HOXB8",0.444250077908986,0.18603784595943
"MA0784.2","POU1F1",0.642482317236771,0.18603784595943
"MA0492.1","JUND",0.557010700756396,0.185587464357055
"MA0738.1","HIC2",0.479826895405253,0.185587464357055
"MA0747.1","SP8",0.48976383877346,0.185587464357055
"MA0524.2","TFAP2C",0.542696515425964,0.185587464357055
"MA1153.1","Smad4",0.452497622969745,0.185587464357055
"MA1577.1","TLX2",0.420376380116529,0.185587464357055
"MA0148.4","FOXA1",0.353433618019018,0.185587464357055
"MA0508.3","PRDM1",0.402452739285682,0.185587464357055
"MA0093.3","USF1",0.514567525638671,0.185587464357055
"MA0083.3","SRF",0.531206522387363,0.169782171962641
"MA1514.1","KLF17",0.546303541149927,0.169782171962641
"MA0031.1","FOXD1",0.506149224130396,0.15272575372892
"MA0691.1","TFAP4",0.565621669858584,0.15272575372892
"MA0854.1","Alx1",0.58083118867426,0.15272575372892
"MA1643.1","NFIB",0.550967575090684,0.15272575372892
"MA0769.2","TCF7",0.38072585484769,0.15272575372892
"MA1984.1","ZNF667",0.586056626536592,0.15272575372892
"MA1725.1","ZNF189",0.388389082026537,0.145355940053699
"MA1498.2","HOXA7",0.506402684912656,0.145355940053699
"MA0033.2","FOXL1",0.286304663925836,0.137316384713222
"MA0718.1","RAX",0.407005453255352,0.137316384713222
"MA0498.2","MEIS1",0.404199506827163,0.137316384713222
"MA1616.1","Prdm15",0.413549204714068,0.116489873474439
"MA0482.2","GATA4",0.391885268658302,0.116489873474439
"MA0040.1","Foxq1",0.334184330759321,0.112002040744857
"MA0071.1","RORA",0.372939926678559,0.112002040744857
"MA0483.1","Gfi1B",0.34508144826451,0.112002040744857
"MA0027.2","EN1",0.370696173909381,0.112002040744857
"MA0850.1","FOXP3",0.361823082784236,0.112002040744857
"MA0875.1","BARX1",0.373633640377609,0.112002040744857
"MA0907.1","HOXC13",0.426497204027373,0.112002040744857
"MA0036.3","GATA2",0.36891351410222,0.112002040744857
"MA1585.1","ZKSCAN1",0.497074317604318,0.112002040744857
"MA1604.1","Ebf2",0.417117707293514,0.112002040744857
"MA0910.2","HOXD8",0.376056469156651,0.112002040744857
"MA0746.2","SP3",0.510151958949618,0.112002040744857
"MA1724.1","Rfx6",0.438493106298494,0.112002040744857
"MA1635.1","BHLHE22",0.40515613165599,0.112002040744857
"MA0640.2","ELF3",0.333427989706555,0.112002040744857
"MA0035.4","GATA1",0.44955567818627,0.112002040744857
"MA1966.1","TFAP4::ETV1",0.476423625288482,0.112002040744857
"MA0157.3","Foxo3",0.37268734552296,0.112002040744857
"MA0480.2","Foxo1",0.385092228579484,0.112002040744857
"MA0633.2","Twist2",0.40515613165599,0.112002040744857
"MA0884.2","DUXA",0.495792422635311,0.112002040744857
"MA1540.2","NR5A1",0.399029297914669,0.112002040744857
"MA0502.2","NFYB",0.416433447244053,0.0927935705804778
"MA0519.1","Stat5a::Stat5b",0.285404904095357,0.0924095674608743
"MA0140.2","GATA1::TAL1",0.429863480570417,0.0924095674608743
"MA0593.1","FOXP2",0.32195376183535,0.0924095674608743
"MA0687.1","SPIC",0.333308279493008,0.0924095674608743
"MA0715.1","PROP1",0.408515393626233,0.0924095674608743
"MA0783.1","PKNOX2",0.415599616667312,0.0924095674608743
"MA0838.1","CEBPG",0.415599616667312,0.0924095674608743
"MA0839.1","CREB3L1",0.415599616667312,0.0924095674608743
"MA1116.1","RBPJ",0.222680934645619,0.0924095674608743
"MA1117.1","RELB",0.40915917599775,0.0924095674608743
"MA1129.1","FOSL1::JUN",0.440828046665917,0.0924095674608743
"MA1516.1","KLF3",0.455168122038307,0.0924095674608743
"MA1589.1","ZNF140",0.456295408738172,0.0924095674608743
"MA0902.2","HOXB2",0.356866180034503,0.0924095674608743
"MA1646.1","OSR2",0.347845555980268,0.0924095674608743
"MA1655.1","ZNF341",0.377195431810539,0.0924095674608743
"MA1929.1","CTCF",0.415599616667312,0.0924095674608743
"MA1941.1","ETV2::FIGLA",0.437126622054021,0.0924095674608743
"MA1970.1","TRPS1",0.296091353563895,0.0924095674608743
"MA1993.1","Neurod2",0.380879390344489,0.0924095674608743
"MA1997.1","Olig2",0.365612589971632,0.0924095674608743
"MA0160.2","NR4A2",0.317038335817521,0.0924095674608743
"MA0650.3","Hoxa13",0.301596644581817,0.0899784260849581
"MA0610.1","DMRT3",0.33311161512643,0.0797863729103481
"MA0699.1","LBX2",0.375387055996623,0.0797863729103481
"MA0898.1","Hmx3",0.359640731242238,0.0797863729103481
"MA0852.2","FOXK1",0.327402144925437,0.0797863729103481
"MA1501.1","HOXB7",0.343380769287845,0.0797863729103481
"MA0029.1","Mecom",0.378963325070799,0.0701836071691005
"MA1109.1","NEUROD1",0.330840642725112,0.0701836071691005
"MA1512.1","KLF11",0.38913928635372,0.0701836071691005
"MA0836.2","CEBPD",0.352414091478032,0.0701836071691005
"MA0496.3","MAFK",0.293617833573599,0.0701836071691005
"MA0681.2","PHOX2B",0.27148546851702,0.0701836071691005
"MA0521.2","Tcf12",0.361402919078699,0.0701836071691005
"MA0816.1","Ascl2",0.334530670488641,0.0676897219724545
"MA0500.2","MYOG",0.373907592060167,0.0598606368430796
"MA2002.1","Zfp335",0.278935438406797,0.0598606368430796
"MA0840.1","Creb5",0.487887001436862,0.0523687846197933
"MA0624.2","Nfatc1",0.215272090781625,0.0523687846197933
"MA0865.2","E2F8",0.409575514178636,0.0523687846197933
"MA0101.1","REL",0.346395456984365,0.0478319785740071
"MA0911.1","Hoxa11",0.344405142408591,0.0478319785740071
"MA1149.1","RARA::RXRG",0.37753960407663,0.0478319785740071
"MA0591.1","Bach1::Mafk",0.386825980501671,0.0347418800321978
"MA0654.1","ISX",0.260897113464526,0.0347418800321978
"MA0671.1","NFIX",0.267967729969867,0.0347418800321978
"MA0709.1","Msx3",0.244135921420087,0.0347418800321978
"MA0750.2","ZBTB7A",0.391151573917834,0.0347418800321978
"MA1499.1","HOXB4",0.224259428474232,0.0347418800321978
"MA1503.1","HOXB9",0.305032138183749,0.0347418800321978
"MA1625.1","Stat5b",0.275517621990311,0.0347418800321978
"MA1964.1","SMAD2",0.266105727229079,0.0347418800321978
"MA0697.2","Zic3",0.299692141780242,0.0347418800321978
"MA1518.2","Lhx1",0.399234779475459,0.0347418800321978
"MA0903.1","HOXB3",0.279260224850423,0.0343275403168151
"MA0073.1","RREB1",0.317426410003044,0.0335961777995508
"MA0613.1","FOXG1",0.292271194763709,0.0335961777995508
"MA0909.3","Hoxd13",0.239444828519533,0.0284536851565517
"MA0634.1","ALX3",0.28297973042474,0.0246044422571461
"MA1571.1","TGIF2LX",0.407299438521942,0.0246044422571461
"MA1716.1","ZNF76",0.437776850582895,0.0246044422571461
"MA0651.2","HOXC11",0.42628625409547,0.0246044422571461
"MA1136.1","FOSB::JUNB",0.366947253899097,0.0213442142760502
"MA1143.1","FOSL1::JUND",0.378482131322007,0.0213442142760502
"MA1555.1","RXRB",0.314087576044122,0.0213442142760502
"MA0473.3","ELF1",0.2370490483085,0.0213442142760502
"MA0845.1","FOXB1",0.203467577579959,0.0201357695313406
"MA0136.3","Elf5",0.200553082181387,0.0201357695313406
"MA0030.1","FOXF2",0.272585580682405,0.0181941910465863
"MA0897.1","Hmx2",0.309411817068474,0.0149917445180276
"MA1463.1","ARGFX",0.27837599445456,0.0149917445180276
"MA0258.2","ESR2",0.304018682842463,0.0105358217556043
"MA0601.1","Arid3b",0.167318661773575,0.0105358217556043
"MA0698.1","ZBTB18",0.268633791959211,0.0105358217556043
"MA0724.1","VENTX",0.246746382980528,0.0105358217556043
"MA0762.1","ETV2",0.306373534658728,0.0105358217556043
"MA1139.1","FOSL2::JUNB",0.308905477828555,0.0105358217556043
"MA1599.1","ZNF682",0.340634340023479,0.0105358217556043
"MA1648.1","TCF12",0.355712224269581,0.0105358217556043
"MA0522.3","TCF3",0.306318718942832,0.0105358217556043
"MA0625.2","NFATC3",0.202169218738595,0.0105358217556043
"MA0597.2","THAP1",0.288479755299327,0.0105358217556043
"MA1581.1","ZBTB6",0.235565901216513,0.00504555445967535
"MA1487.2","FOXE1",0.172601568952611,0.00504555445967535
"MA0505.2","Nr5A2",0.245607925574683,0.00379571680764828
"MA0004.1","Arnt",-0.218238389315144,0
"MA0006.1","Ahr::Arnt",0.100968449051999,0
"MA0019.1","Ddit3::Cebpa",-0.466318309302824,0
"MA0051.1","IRF2",-0.657195265202005,0
"MA0059.1","MAX::MYC",-0.778941395147848,0
"MA0066.1","PPARG",-0.0209962650049,0
"MA0069.1","PAX6",-0.497192476192233,0
"MA0070.1","PBX1",-0.17799647979753,0
"MA0072.1","RORA",-0.36251032983676,0
"MA0074.1","RXRA::VDR",0.0438801166221774,0
"MA0077.1","SOX9",0.205155818600784,0
"MA0084.1","SRY",0.159024594753895,0
"MA0091.1","TAL1::TCF3",-0.148001730131897,0
"MA0107.1","RELA",0.156839675087002,0
"MA0108.2","TBP",-0.161953307323667,0
"MA0111.1","Spz1",-0.250369494852638,0
"MA0115.1","NR1H2::RXRA",-0.135767888622973,0
"MA0116.1","Znf423",0.209682658334549,0
"MA0119.1","NFIC::TLX1",-0.122187551178556,0
"MA0125.1","Nobox",0.139695028480076,0
"MA0135.1","Lhx3",0.230601403229318,0
"MA0139.1","CTCF",0.156983665233138,0
"MA0142.1","Pou5f1::Sox2",0.124202745546316,0
"MA0149.1","EWSR1-FLI1",-0.130409759891852,0
"MA0138.2","REST",-0.230437950534221,0
"MA0002.2","Runx1",-0.0916778381425143,0
"MA0065.2","Pparg::Rxra",-0.0341518688206337,0
"MA0151.1","Arid3a",0.0410974776614852,0
"MA0155.1","INSM1",0.229368794973052,0
"MA0159.1","RARA::RXRA",0.0217992653493502,0
"MA0164.1","Nr2e3",-0.205118559803471,0
"MA0259.1","ARNT::HIF1A",-0.167540372060387,0
"MA0145.2","Tfcp2l1",-0.445674965351345,0
"MA0146.2","Zfx",-0.468283325759853,0
"MA0468.1","DUX4",-0.154802620927775,0
"MA0479.1","FOXH1",0.0983290244198232,0
"MA0488.1","JUN",0.21028684728312,0
"MA0494.1","Nr1h3::Rxra",-0.0194870750476595,0
"MA0497.1","MEF2C",0.0162437788257614,0
"MA0515.1","Sox6",-0.125908910083626,0
"MA0517.1","STAT1::STAT2",-0.4156641207813,0
"MA0518.1","Stat4",0.157521796110879,0
"MA0520.1","Stat6",0.128270877964323,0
"MA0523.1","TCF7L2",-0.298681349264327,0
"MA0527.1","ZBTB33",0.152227966683261,0
"MA0076.2","ELK4",0.209962425150827,0
"MA0137.3","STAT1",0.176407754370612,0
"MA0144.2","STAT3",-0.0420643206617131,0
"MA0595.1","SREBF1",-0.715761805593173,0
"MA0596.1","SREBF2",-0.406059940771171,0
"MA0599.1","KLF5",0.11417942024686,0
"MA0602.1","Arid5a",-0.204117979443817,0
"MA0603.1","Arntl",-0.272393024497439,0
"MA0604.1","Atf1",-0.487616024160378,0
"MA0608.1","Creb3l2",0.103706721708802,0
"MA0614.1","Foxj2",0.16773484949955,0
"MA0615.1","Gmeb1",0.00749136214362078,0
"MA0618.1","LBX1",-0.282864759782157,0
"MA0619.1","LIN54",-0.000718555634823481,0
"MA0621.1","mix-a",0.0238318498327654,0
"MA0622.1","Mlxip",-0.218238389315144,0
"MA0626.1","Npas2",-0.175485421043146,0
"MA0628.1","POU6F1",0.0703936070906996,0
"MA0629.1","Rhox11",0.176152548631766,0
"MA0631.1","Six3",0.0651976324671977,0
"MA0007.3","Ar",-0.207509259730322,0
"MA0635.1","BARHL2",0.125786527065189,0
"MA0636.1","BHLHE41",-0.0912156434964606,0
"MA0638.1","CREB3",0.166764629535252,0
"MA0639.1","DBP",0.0591001608038582,0
"MA0641.1","ELF4",0.384787741148701,0
"MA0645.1","ETV6",0.215774359266732,0
"MA0475.2","FLI1",-0.0849392084053262,0
"MA0646.1","GCM1",0.142205623100605,0
"MA0647.1","GRHL1",-0.596374896178469,0
"MA0648.1","GSC",-0.124525994834661,0
"MA0649.1","HEY2",0.241978425470577,0
"MA0131.2","HINFP",-0.205507692606314,0
"MA0046.2","HNF1A",-0.328939688552961,0
"MA0153.2","HNF1B",-0.323669244858992,0
"MA0486.2","HSF1",-0.0248699053516601,0
"MA0652.1","IRF8",-0.240840186063822,0
"MA0656.1","JDP2",0.165621741214956,0
"MA0657.1","KLF13",0.289915451560639,0
"MA0658.1","LHX6",0.0717862254848525,0
"MA0660.1","MEF2B",-0.298492965501455,0
"MA0661.1","MEOX1",-0.146460689017825,0
"MA0663.1","MLX",-0.627597544854091,0
"MA0664.1","MLXIPL",-0.731208733635333,0
"MA0665.1","MSC",-0.159847433072739,0
"MA0667.1","MYF6",0.306407541855585,0
"MA0669.1","NEUROG2",-0.209574070033484,0
"MA0048.2","NHLH1",0.0980954172333632,0
"MA0672.1","NKX2-3",-0.251532222392813,0
"MA0673.1","NKX2-8",-0.324913353892386,0
"MA0674.1","NKX6-1",0.0993713470628652,0
"MA0676.1","Nr2e1",-0.0996553599710843,0
"MA0677.1","Nr2f6",-0.245359528824287,0
"MA0678.1","OLIG2",0.032917061835926,0
"MA0068.2","PAX4",0.074321194499209,0
"MA0683.1","POU4F2",0.136913182284114,0
"MA0512.2","Rxra",0.152227966683261,0
"MA0686.1","SPDEF",0.132694834609612,0
"MA0009.2","TBXT",-0.175826408700338,0
"MA0688.1","TBX2",-0.267281129857403,0
"MA0689.1","TBX20",-0.13281972794941,0
"MA0692.1","TFEB",-0.0374153161818995,0
"MA0694.1","ZBTB7B",-0.202783657964866,0
"MA0695.1","ZBTB7C",-0.678094889658818,0
"MA0696.1","ZIC1",0.187268784288469,0
"MA0704.1","Lhx4",0.0354683433710887,0
"MA0706.1","MEOX2",-0.443630662665172,0
"MA0124.2","Nkx3-1",-0.389426933714361,0
"MA0711.1","OTX1",-0.527111814531098,0
"MA0713.1","PHOX2A",0.0332573595130805,0
"MA0714.1","PITX3",-0.356772323395882,0
"MA0716.1","PRRX1",0.105340990318547,0
"MA0719.1","RHOXF1",-0.191009146619204,0
"MA0720.1","Shox2",0.185263881599517,0
"MA0722.1","VAX1",0.0683937942261155,0
"MA0725.1","VSX1",0.0683937942261155,0
"MA0726.1","VSX2",0.129830970639236,0
"MA0112.3","ESR1",-0.343494030391995,0
"MA0141.3","ESRRB",0.158881921650063,0
"MA0017.2","NR2F1",-0.130158152345471,0
"MA0113.3","NR3C1",-0.0984035377968313,0
"MA0727.1","NR3C2",-0.0984035377968313,0
"MA0728.1","Nr2F6",-0.364177493448862,0
"MA0729.1","RARA",-0.223719441295792,0
"MA0730.1","RARA",0.152227966683261,0
"MA0731.1","BCL6B",0.152227966683261,0
"MA0472.2","EGR2",0.140529386795531,0
"MA0732.1","EGR3",-0.053578943379768,0
"MA0733.1","EGR4",0.0574871174416325,0
"MA0736.1","GLIS2",0.152227966683261,0
"MA0739.1","Hic1",-0.362673890078788,0
"MA0741.1","KLF16",0.309259256841821,0
"MA0751.1","ZIC4",0.0355691242897054,0
"MA0088.2","ZNF143",0.152227966683261,0
"MA0755.1","CUX2",0.0531601688675591,0
"MA0757.1","ONECUT3",-0.161246352904043,0
"MA0760.1","ERF",-0.133001121732651,0
"MA0098.3","ETS1",0.00473761780453952,0
"MA0763.1","ETV3",-0.546420728858134,0
"MA0767.1","GCM2",-0.151221172096097,0
"MA0770.1","HSF2",-0.435553886971044,0
"MA0771.1","HSF4",0.090160686504408,0
"MA0772.1","IRF7",-0.399168357432499,0
"MA0773.1","MEF2D",-0.00594939430980013,0
"MA0774.1","MEIS2",0.0690268408800048,0
"MA0775.1","MEIS3",-0.17993914008148,0
"MA0776.1","MYBL1",-0.053578943379768,0
"MA0777.1","MYBL2",-0.141976550351653,0
"MA0105.4","NFKB1",0.152227966683261,0
"MA0778.1","NFKB2",-0.218063621471902,0
"MA0780.1","PAX3",0.0440186219598959,0
"MA0785.1","POU2F1",0.128246762857606,0
"MA0786.1","POU3F1",-0.196577479021073,0
"MA0787.1","POU3F2",-0.194017545431151,0
"MA0788.1","POU3F3",-0.558842129861139,0
"MA0789.1","POU3F4",0.226589712690292,0
"MA0790.1","POU4F1",0.00485836823685304,0
"MA0791.1","POU4F3",0.00235831430913791,0
"MA0792.1","POU5F1B",-0.0884998014646863,0
"MA0793.1","POU6F2",-0.11082680788311,0
"MA0794.1","PROX1",-0.643552853617372,0
"MA0600.2","RFX2",0.141528708580464,0
"MA0795.1","SMAD3",0.140481176579116,0
"MA0796.1","TGIF1",0.152227966683261,0
"MA0510.2","RFX5",0.141528708580464,0
"MA0511.2","RUNX2",0.130414075241909,0
"MA0800.1","EOMES",-0.485252045982462,0
"MA0801.1","MGA",-0.508523126865138,0
"MA0802.1","TBR1",-0.334586739517285,0
"MA0803.1","TBX15",-0.79139915192509,0
"MA0804.1","TBX19",0.0178164484181775,0
"MA0805.1","TBX1",-0.644901300328054,0
"MA0806.1","TBX4",-0.556315789120065,0
"MA0807.1","TBX5",-0.755160887761567,0
"MA0812.1","TFAP2B",-0.237083322742221,0
"MA0813.1","TFAP2B",0.033921054151183,0
"MA0815.1","TFAP2C",-0.0214927575275063,0
"MA0461.2","Atoh1",-0.202666333575774,0
"MA0464.2","BHLHE40",-0.272393024497439,0
"MA0817.1","BHLHE23",-0.617729365461639,0
"MA0820.1","FIGLA",-0.189452327805871,0
"MA0822.1","HES7",0.129195913130892,0
"MA0823.1","HEY1",0.116294260363904,0
"MA0058.3","MAX",-0.218238389315144,0
"MA0825.1","MNT",-0.218238389315144,0
"MA0826.1","OLIG1",-0.474558409089359,0
"MA0827.1","OLIG3",-0.0710168267086608,0
"MA0832.1","Tcf21",0.305997713062744,0
"MA0834.1","ATF7",0.039937576108283,0
"MA0117.2","Mafb",-0.375408805353808,0
"MA0843.1","TEF",-0.211280346188461,0
"MA0844.1","XBP1",0.289915451560639,0
"MA0032.2","FOXC1",-0.105804327392407,0
"MA0846.1","FOXC2",0.0581291302751872,0
"MA0851.1","Foxj3",0.159222774626484,0
"MA0855.1","RXRB",0.152227966683261,0
"MA0856.1","RXRG",0.152227966683261,0
"MA0857.1","Rarb",-0.190216175887651,0
"MA0858.1","Rarb",0.0546606026467509,0
"MA0859.1","Rarg",-0.153873773701117,0
"MA0106.3","TP53",0.152227966683261,0
"MA0861.1","TP73",-0.150720502497742,0
"MA0862.1","GMEB2",0.223089204283167,0
"MA0863.1","MTF1",-0.471051100339997,0
"MA0024.3","E2F1",-0.033972441949305,0
"MA0866.1","SOX21",0.16496811218722,0
"MA0870.1","Sox1",0.196902836436061,0
"MA0872.1","TFAP2A",0.0855335985109789,0
"MA0028.2","ELK1",0.245090970754526,0
"MA0873.1","HOXD12",0.160512236884612,0
"MA0876.1","BSX",0.180962970957231,0
"MA0880.1","Dlx3",-0.046921712264048,0
"MA0881.1","Dlx4",-0.0615739386146883,0
"MA0882.1","DLX6",0.0284154281477713,0
"MA0883.1","Dmbx1",-0.788632658879362,0
"MA0886.1","EMX2",0.1490728059146,0
"MA0887.1","EVX1",-0.490734003664389,0
"MA0888.1","EVX2",-0.748337818927607,0
"MA0889.1","GBX1",0.111754578100743,0
"MA0890.1","GBX2",0.199813352234873,0
"MA0891.1","GSC2",-0.313003921755482,0
"MA0892.1","GSX1",0.173394066075871,0
"MA0894.1","HESX1",0.0823199831495165,0
"MA0895.1","HMBOX1",-0.538848322285499,0
"MA0896.1","Hmx1",0.118078664112469,0
"MA0899.1","HOXA10",0.0621065254255937,0
"MA0905.1","HOXC10",0.204193100352758,0
"MA0908.1","HOXD11",0.199204724164536,0
"MA0914.1","ISL2",-0.182843707422401,0
"MA1106.1","HIF1A",-0.595785033528965,0
"MA0147.3","MYC",-0.280518638323453,0
"MA0100.3","MYB",0.0355649892497176,0
"MA0104.4","MYCN",-0.35688846668837,0
"MA0161.2","NFIC",0.0899981781365491,0
"MA0060.3","NFYA",-0.406686531842192,0
"MA0014.3","PAX5",-0.0575124883478111,0
"MA1114.1","PBX3",-0.410784739045182,0
"MA1115.1","POU5F1",-0.123553132254742,0
"MA1118.1","SIX1",-0.299284573447625,0
"MA1119.1","SIX2",-0.361507463544076,0
"MA0442.2","SOX10",-0.249610703678015,0
"MA1120.1","SOX13",-0.0234468294949144,0
"MA1122.1","TFDP1",-0.633288857483711,0
"MA0103.3","ZEB1",-0.476815596305984,0
"MA1124.1","ZNF24",0.108674528391913,0
"MA1125.1","ZNF384",-0.300619184111073,0
"MA1154.1","ZNF282",-0.274070908086848,0
"MA1155.1","ZSCAN4",0.187350801142429,0
"MA1126.1","FOS::JUN",-0.173161460726282,0
"MA1127.1","FOSB::JUN",0.214445681447736,0
"MA1131.1","FOSL2::JUN",0.263548667008282,0
"MA1133.1","JUN::JUNB",0.289737754353063,0
"MA1145.1","FOSL2::JUND",0.0179880374857744,0
"MA1146.1","NR1H4::RXRA",-0.458587528469376,0
"MA1147.1","NR4A2::RXRA",-0.704153363183629,0
"MA1150.1","RORB",-0.357598961809543,0
"MA1151.1","RORC",-0.0678667760972846,0
"MA1152.1","SOX15",-0.206253441486267,0
"MA1418.1","IRF3",-0.178657854980469,0
"MA1420.1","IRF5",-0.403518509608138,0
"MA1421.1","TCF7L1",0.25885271319056,0
"MA1464.1","ARNT2",-0.355925874192522,0
"MA1466.1","ATF6",0.152227966683261,0
"MA1468.1","ATOH7",-0.380313524454167,0
"MA1470.1","BACH2",-0.249977875452356,0
"MA1471.1","BARX2",-0.362666307044527,0
"MA1473.1","CDX4",-0.165697751081004,0
"MA1474.1","CREB3L4",0.276518303441403,0
"MA1475.1","CREB3L4",0.00530221338465298,0
"MA1478.1","DMRTA2",-0.417648045269948,0
"MA1479.1","DMRTC2",-0.102295509296789,0
"MA1480.1","DPRX",-0.218154430755332,0
"MA1481.1","DRGX",0.0501350105440936,0
"MA1484.1","ETS2",-0.0770888781445982,0
"MA1485.1","FERD3L",0.0186500399797866,0
"MA1489.1","FOXN3",0.284777675070755,0
"MA1493.1","HES6",-0.271627913193207,0
"MA1494.1","HNF4A",0.117969609442824,0
"MA1495.1","HOXA1",-0.243216758336569,0
"MA1496.1","HOXA4",-0.320689965752708,0
"MA1497.1","HOXA6",-0.403066351728413,0
"MA1504.1","HOXC4",-0.0896007711557729,0
"MA1505.1","HOXC8",-0.0503910764587197,0
"MA1506.1","HOXD10",-0.0498912141961041,0
"MA1507.1","HOXD4",-0.0981544255548403,0
"MA1508.1","IKZF1",-0.235873785521832,0
"MA1509.1","IRF6",-0.0520001671161436,0
"MA1513.1","KLF15",-0.57173295650881,0
"MA1515.1","KLF2",-0.00171683815307411,0
"MA1517.1","KLF6",-0.00629587123363962,0
"MA1519.1","LHX5",0.128356771903006,0
"MA1520.1","MAF",-0.128239306996118,0
"MA1521.1","MAFA",-0.147164468487105,0
"MA1522.1","MAZ",-0.670348240995608,0
"MA1523.1","MSANTD3",0.00861017063060654,0
"MA1527.1","NFIC",0.0421827162685999,0
"MA1529.1","NHLH2",-0.169845306330888,0
"MA1530.1","NKX6-3",0.132043317747993,0
"MA1531.1","NR1D1",-0.400178404164767,0
"MA1533.1","NR1I2",-0.11292304995642,0
"MA1534.1","NR1I3",0.201259577460934,0
"MA1535.1","NR2C1",-0.0641572893022895,0
"MA1536.1","NR2C2",0.00161138511739001,0
"MA1537.1","NR2F1",0.165962912938922,0
"MA1538.1","NR2F1",-0.0814828235054805,0
"MA1539.1","NR2F6",-0.233710790188741,0
"MA1541.1","NR6A1",-0.14179754018422,0
"MA1542.1","OSR1",-0.0620199573674141,0
"MA1544.1","OVOL1",0.152227966683261,0
"MA1545.1","OVOL2",-0.00771455566384915,0
"MA1546.1","PAX3",-0.0104745982667214,0
"MA1548.1","PLAGL2",0.0200385823369125,0
"MA1549.1","POU6F1",0.0108392818439018,0
"MA1550.1","PPARD",0.270456189388002,0
"MA1552.1","RARB",0.369687581290451,0
"MA1553.1","RARG",-0.0823217232059199,0
"MA1554.1","RFX7",-0.189022853740891,0
"MA1556.1","RXRG",0.315959340277517,0
"MA1557.1","SMAD5",0.127908167340933,0
"MA1558.1","SNAI1",-0.186116577698566,0
"MA1559.1","SNAI3",-0.158844947474451,0
"MA1560.1","SOHLH2",-0.272393024497439,0
"MA1561.1","SOX12",-0.745898633863424,0
"MA1562.1","SOX14",0.228730098080249,0
"MA1564.1","SP9",-0.212329328804532,0
"MA1565.1","TBX18",-0.220469897871667,0
"MA1568.1","TCF21",-0.440135178324216,0
"MA1569.1","TFAP2E",0.0668824803632635,0
"MA1570.1","TFAP4",-0.480522614995605,0
"MA1572.1","TGIF2LY",0.27868419488961,0
"MA1576.1","THRB",-0.577214223568544,0
"MA1578.1","VEZF1",0.0367948819454282,0
"MA1580.1","ZBTB32",-0.437728544122962,0
"MA1587.1","ZNF135",-0.399693679672499,0
"MA1588.1","ZNF136",-0.464767212210193,0
"MA1592.1","ZNF274",0.242538997706123,0
"MA1593.1","ZNF317",0.0278281104942835,0
"MA1594.1","ZNF382",-0.0993101107767358,0
"MA1596.1","ZNF460",-0.701125630573183,0
"MA1600.1","ZNF684",0.256522338979094,0
"MA1602.1","ZSCAN29",0.116946793317697,0
"MA1603.1","Dmrt1",0.175285195157996,0
"MA1606.1","Foxf1",0.101316870099653,0
"MA1608.1","Isl1",0.112306541382461,0
"MA1615.1","Plagl1",-0.0632082265277658,0
"MA1618.1","Ptf1a",-0.0356444690254971,0
"MA1619.1","Ptf1A",0.220074644894167,0
"MA1620.1","Ptf1A",-0.440139314051774,0
"MA1621.1","Rbpjl",-0.489991285709887,0
"MA1623.1","Stat2",-0.26941052431286,0
"MA1624.1","Stat5a",0.138558537260188,0
"MA1627.1","Wt1",-0.0585301374357323,0
"MA1628.1","Zic1::Zic2",0.00874369209025438,0
"MA1100.2","ASCL1",0.0835675580875641,0
"MA0605.2","ATF3",0.165621741214956,0
"MA0463.2","BCL6",-0.0370805531249441,0
"MA0864.2","E2F2",0.0325786757232436,0
"MA0470.2","E2F4",-0.140518020130675,0
"MA0612.2","EMX1",0.133768981163271,0
"MA0038.2","GFI1",0.046139285834502,0
"MA1099.2","HES1",0.222446438035617,0
"MA0616.2","HES2",0.129195913130892,0
"MA0900.2","HOXA2",0.201819985394795,0
"MA0904.2","HOXB5",0.184956399401358,0
"MA0485.2","HOXC9",0.253084825818995,0
"MA0912.2","HOXD3",0.214176184370353,0
"MA0913.2","HOXD9",0.0539215156942268,0
"MA1140.2","JUNB",-0.311307291068299,0
"MA0701.2","LHX9",0.103343158896037,0
"MA0702.2","LMX1A",0.0354683433710887,0
"MA0703.2","LMX1B",0.105852491348009,0
"MA0623.2","NEUROG1",-0.309232692608516,0
"MA0842.2","NRL",-0.626622953554312,0
"MA0682.2","PITX1",-0.244504109414335,0
"MA0075.3","PRRX2",-0.118074671990973,0
"MA0867.2","SOX4",-0.242471721448864,0
"MA0868.2","SOX8",-0.279197326707304,0
"MA0632.2","TCFL5",-0.00902137451338803,0
"MA0871.2","TFEC",0.17215600648759,0
"MA0753.2","ZNF740",-0.340734138006046,0
"MA0122.3","Nkx3-2",-0.0957397938940501,0
"MA1707.1","DMRTA1",-0.208692344154978,0
"MA1708.1","ETV7",0.124495129499291,0
"MA1709.1","ZIM3",-0.410191029495251,0
"MA1710.1","ZNF257",-0.208022665042466,0
"MA1711.1","ZNF343",-0.0474419125638006,0
"MA1712.1","ZNF454",-0.046203781845148,0
"MA1713.1","ZNF610",-0.090508491326371,0
"MA1714.1","ZNF675",-0.28316516706639,0
"MA1715.1","ZNF707",0.0534119345175785,0
"MA1717.1","ZNF784",-0.453797975882134,0
"MA1718.1","ZNF8",0.278333708142814,0
"MA1719.1","ZNF816",-0.0706782021660675,0
"MA1720.1","ZNF85",-0.479004148040987,0
"MA1721.1","ZNF93",-0.701163253059871,0
"MA1722.1","ZSCAN31",-0.260168184230558,0
"MA1723.1","PRDM9",-0.3916656897947,0
"MA1631.1","ASCL1",0.00245592400279726,0
"MA1632.1","ATF2",0.0258684177207167,0
"MA1636.1","CEBPG",-1.16224527234709,0
"MA1638.1","HAND2",0.111823797832081,0
"MA1639.1","MEIS1",-0.164909958358536,0
"MA1640.1","MEIS2",-0.161288583666418,0
"MA1641.1","MYF5",0.168691993727205,0
"MA1642.1","NEUROG2",0.116469359766254,0
"MA1644.1","NFYC",-0.222686083906456,0
"MA1645.1","NKX2-2",0.0146889393368159,0
"MA1649.1","ZBTB12",-0.151300367489489,0
"MA1650.1","ZBTB14",0.0284583299422203,0
"MA1651.1","ZFP42",-0.108174415319849,0
"MA1652.1","ZKSCAN5",-0.40525821039909,0
"MA1653.1","ZNF148",-0.257966056527361,0
"MA1654.1","ZNF16",-0.0690632540103926,0
"MA1657.1","ZNF652",0.0327197975288147,0
"MA1726.1","ZNF331",-0.218846459138548,0
"MA1727.1","ZNF417",0.174952773112055,0
"MA1728.1","ZNF549",-0.279074446622841,0
"MA1729.1","ZNF680",0.0950516285951073,0
"MA1730.1","ZNF708",-0.0489627857108408,0
"MA1731.1","ZNF768",0.191671183804271,0
"MA0833.2","ATF4",-1.15525185866852,0
"MA0465.2","CDX2",-0.029453169810421,0
"MA0102.4","CEBPA",-0.0493966193165569,0
"MA0018.4","CREB1",0.0368603253432847,0
"MA1102.2","CTCFL",-0.186790427510022,0
"MA0471.2","E2F6",0.12328619185129,0
"MA0154.4","EBF1",0.201362397662052,0
"MA0162.4","EGR1",-0.237523490766108,0
"MA0598.3","EHF",0.159342285457949,0
"MA0761.2","ETV1",0.0766008151549844,0
"MA0062.3","GABPA",0.0710954286270145,0
"MA1105.2","GRHL2",-0.675719712281319,0
"MA0043.3","HLF",-0.108268434567584,0
"MA0114.4","HNF4A",0.188967993338395,0
"MA0484.2","HNF4G",0.127168380068103,0
"MA0901.2","HOXB13",0.122605331526296,0
"MA0039.4","KLF4",0.0532965665270364,0
"MA1107.2","KLF9",0.235642139826949,0
"MA0700.2","LHX2",0.171055738071791,0
"MA0495.3","MAFF",-0.297421260390929,0
"MA0052.4","MEF2A",-0.0169424432852816,0
"MA0620.3","MITF",0.0138206509010326,0
"MA1108.2","MXI1",-0.327498505271365,0
"MA0499.2","MYOD1",-0.270391470167631,0
"MA0056.2","MZF1",-0.00114121828956915,0
"MA0025.2","NFIL3",-0.091895334665054,0
"MA0063.2","NKX2-5",-0.313338635061562,0
"MA0679.2","ONECUT1",-0.223916721068846,0
"MA0712.2","OTX2",-0.362337022730202,0
"MA1113.2","PBX2",-0.124659347820609,0
"MA0782.2","PKNOX1",-0.00204943692364168,0
"MA0627.2","POU2F3",-0.25284490387834,0
"MA0684.2","RUNX3",-0.227728907061582,0
"MA0743.2","SCRT1",-0.259261711150077,0
"MA0744.2","SCRT2",0.0517029220494969,0
"MA0745.2","SNAI2",-0.108010897751204,0
"MA0143.4","SOX2",0.152410453480088,0
"MA0081.2","SPIB",-0.181018969261127,0
"MA0829.2","SREBF1",-0.616656429529708,0
"MA0830.2","TCF4",-0.372347850328843,0
"MA0003.4","TFAP2A",-0.448922890573925,0
"MA0814.2","TFAP2C",-0.358224759051213,0
"MA1123.2","TWIST1",0.12123332792672,0
"MA0748.2","YY2",0.185939853626294,0
"MA0528.2","ZNF263",-0.620175729657656,0
"MA0609.2","CREM",0.0846999444489889,0
"MA1684.1","Foxn1",-0.221479922464473,0
"MA1931.1","ELK1::HOXA1",-0.130196122733757,0
"MA1932.1","ELK1::HOXB13",-0.130196122733757,0
"MA1933.1","ELK1::SREBF2",-0.40752618381351,0
"MA1934.1","ERF::FIGLA",-0.0024519361890416,0
"MA1935.1","ERF::FOXI1",0.0372702074760358,0
"MA1936.1","ERF::FOXO1",-0.356940396523463,0
"MA1937.1","ERF::HOXB13",-0.749396213707119,0
"MA1938.1","ERF::NHLH1",-0.132478185137899,0
"MA1939.1","ERF::SREBF2",-0.0853147308517284,0
"MA1940.1","ETV2::DRGX",-0.0274339232014293,0
"MA1942.1","ETV2::FOXI1",0.100393727649436,0
"MA1943.1","ETV2::HOXB13",0.0216892532952611,0
"MA1944.1","ETV5::DRGX",-0.109152041907851,0
"MA1945.1","ETV5::FIGLA",0.236100169303401,0
"MA1946.1","ETV5::FOXI1",-0.236256724333248,0
"MA1947.1","ETV5::FOXO1",-0.10487264774613,0
"MA1948.1","ETV5::HOXA2",-0.109047009380432,0
"MA1949.1","FLI1::DRGX",0.192850690928543,0
"MA1950.1","FLI1::FOXI1",-0.260205991251603,0
"MA1951.1","FOS",-0.333933946142209,0
"MA1952.1","FOXJ2::ELF1",-0.127113867429296,0
"MA1953.1","FOXO1::ELF1",-0.0987991790637448,0
"MA1954.1","FOXO1::ELK1",0.159708257169556,0
"MA1955.1","FOXO1::ELK3",-0.259273359177381,0
"MA1956.1","FOXO1::FLI1",-0.164283229684087,0
"MA1957.1","HOXB2::ELK1",-0.586618769169079,0
"MA1958.1","HOXD12::ELK1",-0.240164514338618,0
"MA1959.1","KLF7",-0.119644356884705,0
"MA1960.1","MGA::EVX1",-0.310703004260079,0
"MA1961.1","PATZ1",-0.217539315864336,0
"MA1962.1","POU2F1::SOX2",0.179656595987454,0
"MA1963.1","SATB1",0.213169941435162,0
"MA1965.1","SP5",-0.50638135282033,0
"MA1967.1","TFAP4::FLI1",-0.161007567640232,0
"MA1968.1","TFCP2",-0.520337801600141,0
"MA1969.1","THRA",-0.353380769428618,0
"MA1971.1","ZBED2",-0.463372089978057,0
"MA1972.1","ZFP14",0.20667026918987,0
"MA1973.1","ZKSCAN3",0.145825306186297,0
"MA1974.1","ZNF211",0.14594648998061,0
"MA1975.1","ZNF214",-0.0284184979054238,0
"MA1976.1","ZNF320",0.22360371716195,0
"MA1977.1","ZNF324",-0.246118469530757,0
"MA1978.1","ZNF354A",0.10346111011226,0
"MA1981.1","ZNF530",-0.580233973343656,0
"MA1982.1","ZNF574",-0.0159911786087386,0
"MA1983.1","ZNF582",0.132855976515532,0
"MA1985.1","ZNF669",0.131426285826899,0
"MA1986.1","ZNF692",-0.071551915081999,0
"MA1987.1","ZNF701",-0.0288212300002044,0
"MA1989.1","Bcl11B",0.0908563697320393,0
"MA1990.1","Gli1",-0.537640640946845,0
"MA1991.1","Hnf1A",-0.0552274993329496,0
"MA1992.1","Ikzf3",-0.00980728268091546,0
"MA1994.1","Nkx2-1",-0.632697847164186,0
"MA1996.1","Nr1H2",0.0906299766263805,0
"MA1998.1","Prdm14",-0.227619209799085,0
"MA1999.1","Prdm5",-0.503432559146419,0
"MA2001.1","Six4",-0.118393506612898,0
"MA2003.1","NKX2-4",-0.540544862239155,0
"MA0041.2","FOXD3",0.136059953199741,0
"MA0050.3","Irf1",-0.335710315331447,0
"MA0067.2","PAX2",0.289915451560639,0
"MA0078.2","Sox17",-0.199539135176515,0
"MA0079.5","SP1",-0.422625487239702,0
"MA0080.6","Spi1",-0.0829158173864926,0
"MA0087.2","Sox5",-0.364500033436649,0
"MA0095.3","Yy1",-0.0438564229617375,0
"MA0152.2","Nfatc2",0.055864471736669,0
"MA0156.3","FEV",0.245090970754526,0
"MA0467.2","Crx",-0.313239792468297,0
"MA0474.3","Erg",-0.0760041760276673,0
"MA0493.2","KLF1",0.0859618968700513,0
"MA0506.2","Nrf1",-0.121842941403587,0
"MA0507.2","POU2F2",0.111479035656666,0
"MA0509.3","RFX1",0.152227966683261,0
"MA0514.2","Sox3",0.174002983896272,0
"MA0516.3","SP2",-0.632476345122471,0
"MA0606.2","Nfat5",0.120316943895054,0
"MA0607.2","BHLHA15",0.157862864773646,0
"MA0611.2","Dux",0.242533240035355,0
"MA0642.2","EN2",-0.00632730035716644,0
"MA0644.2","ESX1",0.123035448646831,0
"MA0659.3","Mafg",-0.133826417139962,0
"MA0666.2","MSX1",0.111910864112414,0
"MA0668.2","Neurod2",0.0995365205423289,0
"MA0680.2","Pax7",-0.388468792046238,0
"MA0685.2","SP4",-0.322238189634342,0
"MA0690.2","TBX21",-0.454493122049155,0
"MA0693.3","Vdr",0.143761817652363,0
"MA0707.2","MNX1",-0.224274872987515,0
"MA0708.2","MSX2",0.168196386883295,0
"MA0723.2","VAX2",-0.0768263159856319,0
"MA0734.3","Gli2",-0.701277448781114,0
"MA0740.2","KLF14",0.0347577954234399,0
"MA0742.2","KLF12",-0.301333544334624,0
"MA0754.2","CUX1",-0.121618585828781,0
"MA0756.2","ONECUT2",-0.328161394379617,0
"MA0759.2","ELK3",0.119406805647853,0
"MA0764.3","ETV4",0.384787741148701,0
"MA0765.3","ETV5",-0.0182806792295245,0
"MA0768.2","Lef1",-0.23719010227844,0
"MA0798.3","RFX3",0.152227966683261,0
"MA0818.2","BHLHE22",-0.294472236530975,0
"MA0819.2","CLOCK",-0.468698142832995,0
"MA0821.2","HES5",0.0294636915743256,0
"MA0828.2","SREBF2",-0.432807469240056,0
"MA0831.3","TFE3",-0.158462604967328,0
"MA0837.2","CEBPE",0.152227966683261,0
"MA0847.3","FOXD2",-0.0789932265305664,0
"MA0869.2","Sox11",-0.307899371899738,0
"MA0877.3","BARHL1",-0.0277896920049709,0
"MA0878.3","CDX1",-0.387272885466545,0
"MA0879.2","DLX1",0.0984038631595459,0
"MA0885.2","Dlx2",0.167706484443567,0
"MA1110.2","Nr1H4",0.10791687504515,0
"MA1467.2","Atoh1",0.129506730966481,0
"MA1472.2","Bhlha15",0.181480910969275,0
"MA1476.2","Dlx5",0.167706484443567,0
"MA1483.2","ELF2",-0.159110919287797,0
"MA1511.2","KLF10",-0.106120371457084,0
"MA1524.2","Msgn1",-0.0497140327565742,0
"MA1525.2","NFATC4",0.10738780882123,0
"MA1532.2","NR1D2",-0.0609634104978132,0
"MA1547.2","PITX2",-0.363453928609055,0
"MA1563.2","SOX18",-0.193724533690464,0
"MA1566.2","TBX3",-0.336670362166618,0
"MA1567.2","Tbx6",-0.358604970354097,0
"MA1573.2","Thap11",0.0484844412837298,0
"MA1630.2","ZNF281",-0.403838485673741,0
"MA1647.2","Prdm4",-0.758982467214833,0
"MA0130.1","ZNF354C",NA,NA
"MA0653.1","IRF9",NA,NA
"MA0735.1","GLIS1",NA,NA
"MA0737.1","GLIS3",NA,NA
"MA0749.1","ZBED1",NA,NA
"MA0752.1","ZNF410",NA,NA
"MA0758.1","E2F7",NA,NA
"MA0779.1","PAX1",NA,NA
"MA0781.1","PAX9",NA,NA
"MA0860.1","Rarg",NA,NA
"MA0525.2","TP63",NA,NA
"MA1419.1","IRF4",NA,NA
"MA1583.1","ZFP57",NA,NA
"MA1584.1","ZIC5",NA,NA
"MA0469.3","E2F3",NA,NA
"MA0594.2","HOXA9",NA,NA
"MA1995.1","Npas4",NA,NA
"MA0466.3","CEBPB",NA,NA
"MA0526.4","USF2",NA,NA
"MA0799.2","RFX4",NA,NA
"MA1491.2","GLI3",NA,NA
