"seqnames","start","end","width","strand","UNT1","UNT2","Treated1","Treated2","mean_UNT","mean_Treated","fold_change","log2FC","pvalue","padj","direction","annotation","geneChr","geneStart","geneEnd","geneLength","geneStrand","geneId","transcriptId","distanceToTSS","ENSEMBL","SYMBOL","GENENAME"
"chr1",30447047,30447589,543,"*",13,15,62,54,14,58,3.93333333333333,1.97575245375332,0.0455642841821506,0.976803974891227,"gained","Distal Intergenic",1,30486799,30510459,23661,2,"101929406","ENST00000445180.2_5",62870,"ENSG00000233399","LINC01648","long intergenic non-protein coding RNA 1648"
"chr1",36534347,36534798,452,"*",12,7,40,35,9.5,37.5,3.66666666666667,1.87446911791614,0.015572424491518,0.976803974891227,"gained","3' UTR",1,36549695,36553876,4182,1,"27285","ENST00000207457.8_4",-14897,"ENSG00000092850","TEKT2","tektin 2"
"chr1",51528861,51529419,559,"*",28,26,77,77,27,77,2.78571428571429,1.47804729680464,0.0127306982019456,0.976803974891227,"gained","Intron (ENST00000804430.1_2/ENST00000804430.1_2, intron 1 of 1)",1,51525509,51525577,69,1,"100616189","ENST00000578133.1",3352,"ENSG00000265538","MIR4421","microRNA 4421"
"chr1",53321415,53321882,468,"*",19,9,59,46,14,52.5,3.56666666666667,1.83457639079263,0.0479682178312006,0.976803974891227,"gained","Intron (ENST00000371532.5_4/440590, intron 2 of 12)",1,53308432,53360670,52239,1,"440590","ENST00000371528.2_7",12983,"ENSG00000203995","ZYG11A","zyg-11 family member A, cell cycle regulator"
"chr1",65713435,65713747,313,"*",7,4,25,21,5.5,23,3.69230769230769,1.88452278258006,0.0240903695895983,0.976803974891227,"gained","Promoter (<=1kb)",1,65713902,65831877,117976,1,"9829","ENST00000463018.5_1",-155,"ENSG00000116675","DNAJC6","DnaJ heat shock protein family (Hsp40) member C6"
"chr1",101640226,101640812,587,"*",8,12,58,56,10,57,5.27272727272727,2.39854937649027,0.00843015520931536,0.976803974891227,"gained","Exon (ENST00000820555.1_2/ENST00000820555.1_2, exon 2 of 2)",1,101699685,101702206,2522,2,"101928370","ENST00000432195.3_6",61394,NA,"S1PR1-DT","S1PR1 divergent transcript"
"chr1",113334671,113334920,250,"*",5,4,18,17,4.5,17.5,3.36363636363636,1.75002174699165,0.00294551449841843,0.976803974891227,"gained","Distal Intergenic",1,113362795,113368355,5561,2,"100996702","ENST00000765285.1_1",33435,"ENSG00000215866","LINC01356","long intergenic non-protein coding RNA 1356"
"chr1",163172863,163173414,552,"*",21,12,51,46,16.5,48.5,2.82857142857143,1.50007360313464,0.0436755400658318,0.976803974891227,"gained","Promoter (<=1kb)",1,163172992,163176619,3628,1,"101928404","ENST00000835102.1_1",0,"ENSG00000232892","RGS5-AS1","RGS5 antisense RNA 1"
"chr1",167765529,167765832,304,"*",11,6,39,36,8.5,37.5,4.05263157894737,2.01885902725132,0.0185840838796045,0.976803974891227,"gained","Distal Intergenic",1,167756304,167757391,1088,1,"9019","ENST00000498279.1_1",9225,"ENSG00000197965","MPZL1","myelin protein zero like 1"
"chr1",180529596,180530007,412,"*",6,4,34,30,5,32,5.5,2.4594316186373,0.0189814450578699,0.976803974891227,"gained","Promoter (<=1kb)",1,180530335,180535653,5319,1,"148756","ENST00000718013.1_1",-328,"ENSG00000236719","OVAAL","ovarian adenocarcinoma amplified long non-coding RNA"
"chr1",227004227,227004595,369,"*",15,8,38,33,11.5,35.5,2.92,1.54596836910529,0.03811252678888,0.976803974891227,"gained","Intron (ENST00000783961.1_2/ENST00000783961.1_2, intron 2 of 2)",1,227057885,227084378,26494,1,"5664","ENST00000524196.6_13",-53290,"ENSG00000143801","PSEN2","presenilin 2"
"chr10",32401094,32401402,309,"*",15,12,33,32,13.5,32.5,2.31034482758621,1.2081081953302,0.0324006091978618,0.976803974891227,"gained","Intron (ENST00000779031.1_2/ENST00000779031.1_2, intron 2 of 2)",10,32297943,32345353,47411,2,"3799","ENST00000302418.5_7",-55741,"ENSG00000170759","KIF5B","kinesin family member 5B"
"chr10",63691499,63692007,509,"*",18,15,51,45,16.5,48,2.8,1.48542682717024,0.0273751286447089,0.976803974891227,"gained","Intron (ENST00000644638.1_1/84159, intron 2 of 4)",10,63661458,63856703,195246,1,"84159","ENST00000681100.1_1",30041,"ENSG00000150347","ARID5B","AT-rich interaction domain 5B"
"chr10",79324729,79325034,306,"*",17,12,35,31,14.5,33,2.19354838709677,1.13326653086346,0.0318976556894019,0.976803974891227,"gained","Intron (ENST00000639601.1_7/3778, intron 1 of 27)",10,79009189,79258728,249540,2,"3778","ENST00000639282.1_3",-66001,"ENSG00000156113","KCNMA1","potassium calcium-activated channel subfamily M alpha 1"
"chr10",90259507,90260035,529,"*",13,7,65,55,10,60,5.54545454545455,2.47130571892559,0.0236175658720556,0.976803974891227,"gained","Intron (ENST00000371947.7_5/55328, intron 4 of 6)",10,90043859,90343075,299217,2,"55328","ENST00000331772.9_7",83040,"ENSG00000184719","RNLS","renalase, FAD dependent amine oxidase"
"chr10",102902154,102902403,250,"*",13,14,6,4,13.5,5,0.413793103448276,-1.27301849440642,0.0371839859971616,0.976803974891227,"lost","Promoter (<=1kb)",10,102874386,102901195,26810,2,"100038246","ENST00000747505.1_1",-959,"ENSG00000236311","TLX1NB","TLX1 neighbor"
"chr10",117614444,117614773,330,"*",7,5,37,35,6,36,5.28571428571429,2.40209844357135,0.00221484214339104,0.976803974891227,"gained","Intron (ENST00000355044.8_4/26033, intron 28 of 28)",10,117668862,117704470,35609,1,"26033","ENST00000449616.2_1",-54089,"ENSG00000107518","ATRNL1","attractin like 1"
"chr10",122851786,122852473,688,"*",49,44,124,109,46.5,116.5,2.47368421052632,1.30666133823405,0.0468821257934426,0.976803974891227,"gained","Distal Intergenic",10,122663577,122665168,1592,1,"55717","ENST00000603658.1_1",188209,"ENSG00000120008","WDR11","WD repeat domain 11"
"chr11",13783023,13783333,311,"*",12,10,33,34,11,33.5,2.875,1.52356195605701,0.00898544508715325,0.976803974891227,"gained","Distal Intergenic",11,13802908,13869549,66642,1,"105376562","ENST00000732951.1_2",-19575,"ENSG00000255411","LINC02548","long intergenic non-protein coding RNA 2548"
"chr11",13961426,13961946,521,"*",27,19,64,56,23,60,2.54166666666667,1.34577483684173,0.0225858345601327,0.976803974891227,"gained","Promoter (<=1kb)",11,13942997,13961057,18061,2,"101928132","ENST00000796235.1_1",-369,"ENSG00000254438","LINC02683","long intergenic non-protein coding RNA 2683"
"chr11",33578734,33579241,508,"*",28,30,60,60,29,60,2.03333333333333,1.02384674195437,0.0205290029554955,0.976803974891227,"gained","Intron (ENST00000658780.2_10/25758, intron 6 of 20)",11,33563877,33695644,131768,1,"25758","ENST00000321505.9_10",14857,"ENSG00000110427","KIAA1549L","KIAA1549 like"
"chr11",46524003,46524496,494,"*",11,3,57,47,7,52,6.625,2.7279204545632,0.0222342218679875,0.976803974891227,"gained","Intron (ENST00000314845.7_10/55626, intron 10 of 18)",11,46512548,46517061,4514,2,"55626","ENST00000529963.1_3",-6942,"ENSG00000110497","AMBRA1","autophagy and beclin 1 regulator 1"
"chr11",72968382,72968857,476,"*",15,20,56,59,17.5,57.5,3.16216216216216,1.66091135395445,0.0110270820550725,0.976803974891227,"gained","Intron (ENST00000832738.1_2/ENST00000832738.1_2, intron 5 of 5)",11,72975543,73008847,33305,1,"5031","ENST00000393592.7_3",-6686,"ENSG00000171631","P2RY6","pyrimidinergic receptor P2Y6"
"chr12",14994707,14995246,540,"*",20,16,57,54,18,55.5,2.97368421052632,1.5722514489716,0.0059790550444465,0.976803974891227,"gained","Promoter (<=1kb)",12,14982288,14995996,13709,2,"420","ENST00000430129.6_5",750,"ENSG00000111339","ART4","ADP-ribosyltransferase 4 (inactive) (Dombrock blood group)"
"chr12",45677910,45678420,511,"*",23,15,47,41,19,44,2.25,1.16992500144231,0.0439076468779314,0.976803974891227,"gained","Intron (ENST00000426898.2_1/196527, intron 1 of 17)",12,45686460,45826102,139643,1,"196527","ENST00000679426.1_5",-8040,"ENSG00000177119","ANO6","anoctamin 6"
"chr12",80291496,80291797,302,"*",4,7,28,23,5.5,25.5,4.07692307692308,2.02748073642211,0.0337883228158526,0.976803974891227,"gained","Intron (ENST00000261207.9_8/4659, intron 2 of 25)",12,80169703,80307691,137989,2,"4659","ENST00000546369.5_4",15894,"ENSG00000058272","PPP1R12A","protein phosphatase 1 regulatory subunit 12A"
"chr12",105839235,105839807,573,"*",31,22,63,59,26.5,61,2.25454545454545,1.17283659686222,0.0480720323726377,0.976803974891227,"gained","Intron (ENST00000775506.1_2/ENST00000775506.1_2, intron 1 of 3)",12,105747287,105764981,17695,1,"387882","ENST00000548336.1_1",91948,"ENSG00000235162","C12orf75","chromosome 12 open reading frame 75"
"chr12",108025337,108025602,266,"*",8,3,25,21,5.5,23,3.69230769230769,1.88452278258006,0.0353056680360914,0.976803974891227,"gained","Intron (ENST00000420571.6_3/121551, intron 9 of 14)",12,108028609,108051495,22887,1,"121551","ENST00000494235.2_1",-3007,"ENSG00000151136","ABTB3","ankyrin repeat and BTB domain containing 3"
"chr12",117302648,117303018,371,"*",6,9,29,26,7.5,27.5,3.35294117647059,1.7454271729144,0.0110636471317025,0.976803974891227,"gained","Intron (ENST00000257572.5_7/8739, intron 1 of 1)",12,117307282,117316302,9021,2,"8739","ENST00000586941.1_3",13284,"ENSG00000135116","HRK","harakiri, BCL2 interacting protein"
"chr13",24173472,24174030,559,"*",28,22,58,50,25,54,2.11538461538462,1.08091999538357,0.033756976927155,0.976803974891227,"gained","Intron (ENST00000403372.6_5/55504, intron 1 of 7)",13,24153519,24250232,96714,1,"55504","ENST00000382263.3_3",19953,"ENSG00000127863","TNFRSF19","TNF receptor superfamily member 19"
"chr13",88651530,88651844,315,"*",7,4,31,25,5.5,28,4.46153846153846,2.15754127698648,0.0445338427731891,0.976803974891227,"gained","Distal Intergenic",13,88795122,88888337,93216,1,"105370306","ENST00000430214.1_3",-143278,"ENSG00000231019","LINC00373","long intergenic non-protein coding RNA 373"
"chr13",104535609,104535996,388,"*",18,14,42,41,16,41.5,2.5,1.32192809488736,0.0386313230544164,0.976803974891227,"gained","Distal Intergenic",13,104073600,104080648,7049,1,"104326190","ENST00000444795.2_2",462009,NA,"LINC01309","long intergenic non-protein coding RNA 1309"
"chr14",43184407,43184740,334,"*",11,12,27,28,11.5,27.5,2.28,1.18903382439002,0.00194742151711145,0.976803974891227,"gained","Distal Intergenic",14,42168630,42373752,205123,1,"145581","ENST00000554171.1_9",1015777,"ENSG00000165379","LRFN5","leucine rich repeat and fibronectin type III domain containing 5"
"chr14",52006385,52006647,263,"*",10,6,30,31,8,30.5,3.5,1.8073549220576,0.0444345651349862,0.976803974891227,"gained","Intron (ENST00000556137.5_1/122786, intron 2 of 3)",14,52021378,52046015,24638,1,"122786","ENST00000555952.5_1",-14731,"ENSG00000139926","FRMD6","FERM domain containing 6"
"chr14",73131922,73132557,636,"*",34,36,81,78,35,79.5,2.23611111111111,1.1609918766723,0.00319882922190142,0.976803974891227,"gained","Exon (ENST00000752840.1_2/ENST00000752840.1_2, exon 1 of 2)",14,73138019,73142479,4461,2,"8110","ENST00000556997.5_3",9922,"ENSG00000205683","DPF3","double PHD fingers 3"
"chr14",97249511,97250143,633,"*",18,12,79,67,15,73,4.625,2.20945336562895,0.0308672537563347,0.976803974891227,"gained","Intron (ENST00000650059.1_3/105370646, intron 4 of 4)",14,97263641,97347949,84309,1,"7443","ENST00000553683.2_3",-13498,"ENSG00000100749","VRK1","VRK serine/threonine kinase 1"
"chr14",104018615,104019122,508,"*",12,14,40,35,13,37.5,2.75,1.4594316186373,0.038167206684867,0.976803974891227,"gained","Distal Intergenic",14,104028233,104124071,95839,1,"3831","ENST00000557172.5_5",-9111,"ENSG00000126214","KLC1","kinesin light chain 1"
"chr15",43182583,43183037,455,"*",16,13,43,37,14.5,40,2.64516129032258,1.40335569423121,0.0371839859971616,0.976803974891227,"gained","Intron (ENST00000267890.11_11/146057, intron 1 of 14)",15,43122139,43200473,78335,2,"146057","ENST00000562880.5_7",17436,"ENSG00000128881","TTBK2","tau tubulin kinase 2"
"chr15",74687421,74687670,250,"*",13,14,27,29,13.5,28,2,1,0.0170998969834478,0.976803974891227,"gained","Intron (ENST00000783573.1_2/ENST00000783573.1_2, intron 1 of 1)",15,74683211,74686212,3002,1,"105370894","ENST00000783710.1_1",4210,NA,"LINC02255","long intergenic non-protein coding RNA 2255"
"chr15",102250998,102251276,279,"*",4,1,24,22,2.5,23,6.85714285714286,2.77760757866355,0.0122610634714356,0.976803974891227,"gained","Promoter (1-2kb)",15,102194416,102249031,54616,2,"123283","ENST00000558533.5_8",-1967,"ENSG00000185418","TARS3","threonyl-tRNA synthetase 3"
"chr16",13204061,13204317,257,"*",6,8,23,21,7,22,2.875,1.52356195605701,0.00877209931736533,0.976803974891227,"gained","Intron (ENST00000558583.3_5/729993, intron 2 of 4)",16,13176237,13329150,152914,1,"729993","ENST00000566106.1_1",27824,"ENSG00000237515","SHISA9","shisa family member 9"
"chr16",53290829,53291135,307,"*",8,9,27,24,8.5,25.5,2.78947368421053,1.47999294111961,0.0370749344771668,0.976803974891227,"gained","Intron (ENST00000447540.6_9/80205, intron 19 of 38)",16,53283813,53288583,4771,1,"80205","ENST00000562806.1_1",7016,"ENSG00000177200","CHD9","chromodomain helicase DNA binding protein 9"
"chr17",36991643,36991989,347,"*",19,14,43,36,16.5,39.5,2.31428571428571,1.21056698593966,0.041029647174558,0.976803974891227,"gained","Intron (ENST00000614158.2_6/388381, intron 2 of 2)",17,36991339,36997691,6353,2,"388381","ENST00000614158.2_6",5702,"ENSG00000275489","SPMAP1","sperm microtubule associated protein 1"
"chr17",44804887,44805364,478,"*",29,28,60,57,28.5,58.5,2.01694915254237,1.0121747139461,0.0186020146686835,0.976803974891227,"gained","Intron (ENST00000398238.8_8/4905, intron 16 of 20)",17,44790515,44834825,44311,1,"4905","ENST00000576346.6_4",14372,"ENSG00000073969","NSF","N-ethylmaleimide sensitive factor, vesicle fusing ATPase"
"chr17",57070079,57070477,399,"*",15,6,47,39,10.5,43,3.82608695652174,1.93586966258028,0.0336274572450465,0.976803974891227,"gained","Exon (ENST00000797456.1_2/ENST00000797456.1_2, exon 1 of 2)",17,57060012,57089768,29757,2,"4591","ENST00000583945.5_6",19291,"ENSG00000108395","TRIM37","tripartite motif containing 37"
"chr17",58555646,58555940,295,"*",15,13,34,30,14,32,2.2,1.13750352374994,0.0342343667883287,0.976803974891227,"gained","Intron (ENST00000083182.8_7/10513, intron 4 of 12)",17,58556523,58603299,46777,2,"10513","ENST00000588668.5_4",47359,"ENSG00000062725","APPBP2","amyloid beta precursor protein binding protein 2"
"chr17",58773192,58773459,268,"*",3,3,26,25,3,25.5,6.625,2.7279204545632,0.0141447780006301,0.976803974891227,"gained","Intron (ENST00000588168.5_8/54828, intron 4 of 5)",17,58756819,59470192,713374,1,"54828","ENST00000588462.5_5",16373,"ENSG00000141376","BCAS3","BCAS3 microtubule associated cell migration factor"
"chr17",74793452,74793937,486,"*",18,12,45,51,15,48,3.0625,1.61470984411521,0.0161300899000925,0.976803974891227,"gained","Promoter (1-2kb)",17,74795126,74803184,8059,1,"101928514","ENST00000585863.2_3",-1189,"ENSG00000267065","LINC02080","long intergenic non-protein coding RNA 2080"
"chr17",75136665,75137043,379,"*",47,45,21,19,46,20,0.446808510638298,-1.16227142889888,0.00294551449841843,0.976803974891227,"lost","Promoter (<=1kb)",17,75136818,75139724,2907,1,"6397","ENST00000588880.5_7",0,"ENSG00000129657","SEC14L1","SEC14 like lipid binding 1"
"chr18",47174006,47174298,293,"*",6,8,22,20,7,21,2.75,1.4594316186373,0.0100505063388335,0.976803974891227,"gained","Intron (ENST00000849192.1_1/ENST00000849192.1_1, intron 1 of 1)",18,47088715,47094133,5419,1,"9388","ENST00000579750.1_1",85291,"ENSG00000101670","LIPG","lipase G, endothelial type"
"chr18",74171856,74172366,511,"*",15,6,42,35,10.5,38.5,3.43478260869565,1.78021879212009,0.0438622638653987,0.976803974891227,"gained","Intron (ENST00000443185.7_7/9658, intron 2 of 7)",18,74154785,74202735,47951,2,"9658","ENST00000532857.1_5",30369,"ENSG00000101493","ZNF516","zinc finger protein 516"
"chr19",8524609,8524944,336,"*",12,8,34,28,10,31,2.90909090909091,1.5405683813627,0.0384206740998104,0.976803974891227,"gained","Promoter (1-2kb)",19,8526853,8530256,3404,1,"4670","ENST00000593293.1_1",-1909,"ENSG00000099783","HNRNPM","heterogeneous nuclear ribonucleoprotein M"
"chr19",36605935,36606207,273,"*",22,19,9,5,20.5,7,0.372093023255814,-1.4262647547021,0.0383285914427353,0.976803974891227,"lost","Promoter (<=1kb)",19,36604625,36606095,1471,2,"5438","ENST00000586789.5_3",0,"ENSG00000105258","POLR2I","RNA polymerase II subunit I"
"chr19",43686132,43686526,395,"*",15,6,41,33,10.5,37,3.30434782608696,1.72436555738657,0.0491370269831952,0.976803974891227,"gained","Promoter (2-3kb)",19,43684499,43689087,4589,2,"5673","ENST00000489220.1_3",2561,"ENSG00000204941","PSG5","pregnancy specific beta-1-glycoprotein 5"
"chr19",47565400,47565852,453,"*",18,12,38,35,15,36.5,2.34375,1.22881869049588,0.0475378360442539,0.976803974891227,"gained","Distal Intergenic",19,47549167,47551882,2716,2,"54958","ENST00000253047.7_7",-13518,"ENSG00000130748","TMEM160","transmembrane protein 160"
"chr19",50220950,50221272,323,"*",22,26,13,10,24,11.5,0.5,-1,0.0439076468779314,0.976803974891227,"lost","Exon (ENST00000730480.1_2/ENST00000730480.1_2, exon 1 of 3)",19,50216250,50216988,739,1,"126129","ENST00000597099.1_3",4700,"ENSG00000169169","CPT1C","carnitine palmitoyltransferase 1C"
"chr2",12164343,12164788,446,"*",12,16,34,29,14,31.5,2.16666666666667,1.11547721741994,0.0353056680360914,0.976803974891227,"gained","Intron (ENST00000438292.5_1/100506457, intron 2 of 4)",2,12149052,12271711,122660,1,"100506457","ENST00000824638.1_1",15291,"ENSG00000224184","MIR3681HG","MIR3681 host gene"
"chr2",39697055,39697335,281,"*",8,5,28,25,6.5,26.5,3.66666666666667,1.87446911791614,0.0110636471317025,0.976803974891227,"gained","Intron (ENST00000659562.1_1/728730, intron 3 of 5)",2,39664616,39828550,163935,1,"728730","ENST00000668952.1_1",32439,"ENSG00000231312","MAP4K3-DT","MAP4K3 divergent transcript"
"chr2",53358495,53358774,280,"*",15,11,40,35,13,37.5,2.75,1.4594316186373,0.018978490932181,0.976803974891227,"gained","Distal Intergenic",2,53063637,53188622,124986,2,"105369165","ENST00000809548.1_1",-169873,"ENSG00000228033","LOC105369165","uncharacterized LOC105369165"
"chr2",57600537,57601107,571,"*",40,32,92,84,36,88,2.40540540540541,1.26628006533745,0.0116283023493828,0.976803974891227,"gained","Intron (ENST00000649346.1_5/ENST00000649346.1_5, intron 1 of 5)",2,58134764,58386975,252212,1,"7444","ENST00000648897.1_4",-533657,"ENSG00000028116","VRK2","VRK serine/threonine kinase 2"
"chr2",62155805,62156054,250,"*",3,6,17,14,4.5,15.5,3,1.58496250072116,0.0352361787622679,0.976803974891227,"gained","Intron (ENST00000472729.1_1/150684, intron 1 of 2)",2,62132893,62227982,95090,1,"150684","ENST00000455659.1_3",22912,"ENSG00000173163","COMMD1","copper metabolism domain containing 1"
"chr2",69198965,69199504,540,"*",23,22,61,56,22.5,58.5,2.53191489361702,1.34022891163031,0.0370639467003485,0.976803974891227,"gained","Promoter (2-3kb)",2,69201705,69208112,6408,1,"56287","ENST00000673932.3_6",-2201,"ENSG00000169605","GKN1","gastrokine 1"
"chr2",69828149,69828417,269,"*",8,5,25,23,6.5,24,3.33333333333333,1.73696559416621,0.0161019650141666,0.976803974891227,"gained","Intron (ENST00000409085.9_10/22848, intron 2 of 21)",2,69688532,69870786,182255,2,"22848","ENST00000409068.5_7",42369,"ENSG00000115977","AAK1","AP2 associated kinase 1"
"chr2",73721123,73721655,533,"*",23,14,65,52,18.5,58.5,3.05128205128205,1.6094155444457,0.0466481979269125,0.976803974891227,"gained","Intron (ENST00000484298.5_3/7840, intron 9 of 21)",2,73717990,73836748,118759,1,"7840","ENST00000652487.1_5",3133,"ENSG00000116127","ALMS1","ALMS1 centrosome and basal body associated protein"
"chr2",98805124,98805517,394,"*",4,9,27,24,6.5,25.5,3.53333333333333,1.82102985895468,0.0366693979691212,0.976803974891227,"gained","Intron (ENST00000432242.5_1/200403, intron 9 of 28)",2,98808733,98834423,25691,1,"200403","ENST00000489968.5_1",-3216,"ENSG00000168658","VWA3B","von Willebrand factor A domain containing 3B"
"chr2",138686293,138686878,586,"*",13,12,42,44,12.5,43,3.25925925925926,1.70454411647383,0.00574942876761682,0.976803974891227,"gained","Promoter (2-3kb)",2,138636324,138683977,47654,2,"101928273","ENST00000458351.1",-2316,NA,"LOC101928273","uncharacterized LOC101928273"
"chr2",144841844,144842205,362,"*",5,6,36,32,5.5,34,5.38461538461539,2.42884329880387,0.034108474577599,0.976803974891227,"gained","Intron (ENST00000392869.6_9/79712, intron 5 of 10)",2,144764901,144903472,138572,2,"79712","ENST00000476958.5_3",61267,"ENSG00000121964","QTMAN","queuosine-tRNA mannosyltransferase"
"chr2",151267510,151267787,278,"*",11,7,28,25,9,26.5,2.75,1.4594316186373,0.0240903695895983,0.976803974891227,"gained","Distal Intergenic",2,151326655,151328474,1820,2,"390","ENST00000473639.1_3",60687,"ENSG00000115963","RND3","Rho family GTPase 3"
"chr2",172204151,172204548,398,"*",15,10,42,49,12.5,45.5,3.44444444444444,1.78427130894456,0.021797966904211,0.976803974891227,"gained","Intron (ENST00000375258.9_6/79828, intron 3 of 9)",2,172180431,172195766,15336,2,"79828","ENST00000438609.6_6",-8385,"ENSG00000123600","METTL8","methyltransferase 8, tRNA N3-cytidine"
"chr2",190798518,190799181,664,"*",26,15,61,67,20.5,64,3.02325581395349,1.59610305832636,0.0378320592119206,0.976803974891227,"gained","Intron (ENST00000478197.1_1/ENST00000478197.1_1, intron 1 of 1)",2,190744353,191028777,284425,1,"84281","ENST00000495546.1_1",54165,"ENSG00000187699","AKAP19","A-kinase anchoring protein 19"
"chr2",205529459,205530161,703,"*",31,22,76,65,26.5,70.5,2.6,1.37851162325373,0.0275322996772019,0.976803974891227,"gained","Intron (ENST00000406610.7_6/117583, intron 1 of 22)",2,205410723,206480537,1069815,1,"117583","ENST00000358768.6_2",118736,"ENSG00000116117","PARD3B","par-3 family cell polarity regulator beta"
"chr2",228567822,228568298,477,"*",9,5,43,41,7,42,5.375,2.4262647547021,0.0129870174761445,0.976803974891227,"gained","Promoter (<=1kb)",2,228564238,228567693,3456,2,"80704","ENST00000419059.1_7",-129,"ENSG00000135917","SLC19A3","solute carrier family 19 member 3"
"chr2",238080308,238080638,331,"*",12,10,37,32,11,34.5,2.95833333333333,1.56478461878353,0.0402870524058368,0.976803974891227,"gained","Intron (ENST00000445534.3_4/ENST00000445534.3_4, intron 2 of 6)",2,238005321,238006803,1483,1,"10920","ENST00000465362.1_1",74987,"ENSG00000198612","COPS8","COP9 signalosome subunit 8"
"chr20",22776555,22776884,330,"*",4,6,19,22,5,20.5,3.58333333333333,1.84130225398094,0.019830134210431,0.976803974891227,"gained","Distal Intergenic",20,22663798,22665982,2185,2,"105372566","ENST00000437696.2_4",-110573,NA,"LINC01747","long intergenic non-protein coding RNA 1747"
"chr20",30943799,30944141,343,"*",18,16,49,46,17,47.5,2.69444444444444,1.42998784074482,0.00616505124536436,0.976803974891227,"gained","Promoter (1-2kb)",20,30946133,31027063,80931,1,"171023","ENST00000651418.1_2",-1992,"ENSG00000171456","ASXL1","ASXL transcriptional regulator 1"
"chr20",32890907,32891171,265,"*",25,22,8,10,23.5,9,0.408163265306122,-1.29278174922785,0.02222678799251,0.976803974891227,"lost","Promoter (<=1kb)",20,32868074,32891161,23088,2,"191","ENST00000217426.7_7",0,"ENSG00000101444","AHCY","adenosylhomocysteinase"
"chr20",36746015,36746424,410,"*",10,6,36,33,8,34.5,3.94444444444444,1.97982211806237,0.0113198863888835,0.976803974891227,"gained","Intron (ENST00000618318.1_1/58490, intron 2 of 2)",20,36756863,36762162,5300,2,"7052","ENST00000469269.1_3",15738,"ENSG00000198959","TGM2","transglutaminase 2"
"chr20",56687031,56687560,530,"*",10,7,47,39,8.5,43,4.63157894736842,2.21150410519371,0.0474403513360677,0.976803974891227,"gained","Distal Intergenic",20,56725958,56736206,10249,1,"128602","ENST00000371168.4_4",-38398,"ENSG00000124237","CIMIP1","ciliary microtubule inner protein 1"
"chr20",58345442,58345904,463,"*",5,10,26,21,7.5,23.5,2.88235294117647,1.52724700286487,0.0455200219649702,0.976803974891227,"gained","Intron (ENST00000359926.7_5/116154, intron 5 of 12)",20,58296265,58422766,126502,1,"116154","ENST00000395636.6_8",49177,"ENSG00000087495","PHACTR3","phosphatase and actin regulator 3"
"chr21",40365355,40365708,354,"*",13,9,35,29,11,32,2.75,1.4594316186373,0.0384206740998104,0.976803974891227,"gained","Intron (ENST00000743378.1_1/ENST00000743378.1_1, intron 1 of 3)",21,40346355,40349700,3346,2,"101928435","ENST00000433952.1_5",-15655,"ENSG00000232837","LINC01700","long intergenic non-protein coding RNA 1700"
"chr22",46173435,46173688,254,"*",9,7,26,23,8,24.5,2.83333333333333,1.50250034052918,0.0178144340750882,0.976803974891227,"gained","Intron (ENST00000381061.8_1/25814, intron 8 of 10)",22,46189476,46239677,50202,1,"25814","ENST00000402380.3_1",-15788,"ENSG00000130638","ATXN10","ataxin 10"
"chr3",44089744,44090052,309,"*",10,7,23,19,8.5,21,2.31578947368421,1.21150410519371,0.0439076468779314,0.976803974891227,"gained","Intron (ENST00000746142.1_1/ENST00000746142.1_1, intron 2 of 3)",3,44155704,44155802,99,1,"406929","ENST00000385219.1",-65652,"ENSG00000207954","MIR138-1","microRNA 138-1"
"chr3",132262136,132262385,250,"*",6,6,17,16,6,16.5,2.5,1.32192809488736,0.0302923443767363,0.976803974891227,"gained","Distal Intergenic",3,132247046,132257352,10307,1,"23317","ENST00000509279.1_8",15090,"ENSG00000138246","DNAJC13","DnaJ heat shock protein family (Hsp40) member C13"
"chr3",141991248,141991507,260,"*",3,7,19,21,5,20,3.5,1.8073549220576,0.0445338427731891,0.976803974891227,"gained","Distal Intergenic",3,141923517,141944434,20918,2,"256356","ENST00000489085.1_3",-46814,"ENSG00000175066","GK5","glycerol kinase 5"
"chr3",170874388,170874969,582,"*",36,25,82,71,30.5,76.5,2.46031746031746,1.29884448177432,0.0274211083455852,0.976803974891227,"gained","Intron (ENST00000436636.7_12/23043, intron 12 of 32)",3,170824453,170824548,96,2,"693154","ENST00000385228.1",-49840,"ENSG00000207963","MIR569","microRNA 569"
"chr3",174047996,174048285,290,"*",8,7,25,28,7.5,26.5,3.23529411764706,1.69389687227432,0.0324006091978618,0.976803974891227,"gained","Distal Intergenic",3,174158777,174814932,656156,1,"254827","ENST00000434257.1_3",-110492,"ENSG00000177694","NAALADL2","N-acetylated alpha-linked acidic dipeptidase like 2"
"chr3",185376445,185376909,465,"*",23,18,50,43,20.5,46.5,2.2093023255814,1.14359085362885,0.0331540240520381,0.976803974891227,"gained","Intron (ENST00000382199.7_9/10644, intron 10 of 15)",3,185364668,185367311,2644,2,"10644","ENST00000464166.1_3",-9134,"ENSG00000073792","IGF2BP2","insulin like growth factor 2 mRNA binding protein 2"
"chr3",189721349,189721998,650,"*",34,42,88,77,38,82.5,2.14102564102564,1.0983020736118,0.0282200490365379,0.976803974891227,"gained","Intron (ENST00000319332.10_9/55214, intron 1 of 14)",3,189692357,189705554,13198,2,"55214","ENST00000470925.1_3",-15795,"ENSG00000090530","P3H2","prolyl 3-hydroxylase 2"
"chr3",197099065,197099421,357,"*",9,12,34,31,10.5,32.5,2.91304347826087,1.54252723440076,0.00916983195570105,0.976803974891227,"gained","Intron (ENST00000700789.1_2/ENST00000700789.1_2, intron 1 of 2)",3,197108238,197148843,40606,2,"105374308","ENST00000794356.1_1",49422,"ENSG00000235126","LOC105374308","uncharacterized LOC105374308"
"chr4",34203439,34204269,831,"*",36,25,85,96,30.5,90.5,2.9047619047619,1.53841991478413,0.0163934426229508,0.976803974891227,"gained","Intron (ENST00000513843.7_5/105374394, intron 2 of 4)",4,34184017,34271349,87333,2,"105374394","ENST00000758396.1_1",67080,NA,"LINC02484","long intergenic non-protein coding RNA 2484"
"chr4",35022797,35023062,266,"*",11,7,29,26,9,27.5,2.85,1.51096191927738,0.021788884368182,0.976803974891227,"gained","Distal Intergenic",4,34122464,34336973,214510,2,"105374394","ENST00000658479.1_6",-685824,NA,"LINC02484","long intergenic non-protein coding RNA 2484"
"chr4",95393213,95393490,278,"*",2,0,18,16,1,17,9,3.16992500144231,0.00772212328633234,0.976803974891227,"gained","Intron (ENST00000318007.9_2/10611, intron 2 of 9)",4,95410186,95497089,86904,1,"10611","ENST00000510099.5_1",-16696,"ENSG00000163110","PDLIM5","PDZ and LIM domain 5"
"chr4",108540265,108540775,511,"*",13,6,45,40,9.5,42.5,4.14285714285714,2.05062607306997,0.021797966904211,0.976803974891227,"gained","Intron (ENST00000514815.1_3/9061, intron 1 of 1)",4,108511433,108552960,41528,2,"9061","ENST00000514815.1_3",12185,"ENSG00000138801","PAPSS1","3'-phosphoadenosine 5'-phosphosulfate synthase 1"
"chr4",138675944,138676781,838,"*",57,40,127,106,48.5,116.5,2.37373737373737,1.24716032648539,0.0406261085252004,0.976803974891227,"gained","Exon (ENST00000766251.1_2/ENST00000766251.1_2, exon 3 of 3)",4,138611631,138656131,44501,2,"101927414","ENST00000510922.1_5",-19813,"ENSG00000250126","LOC101927414","uncharacterized LOC101927414"
"chr4",148657549,148657855,307,"*",22,19,41,47,20.5,44,2.09302325581395,1.06558834162758,0.0418330523401073,0.976803974891227,"gained","Intron (ENST00000510379.1_1/79658, intron 1 of 4)",4,148653239,148993927,340689,1,"79658","ENST00000336498.8_4",4310,"ENSG00000071205","ARHGAP10","Rho GTPase activating protein 10"
"chr4",165880924,165881211,288,"*",10,6,23,25,8,24,2.77777777777778,1.47393118833241,0.0405832694096184,0.976803974891227,"gained","Promoter (2-3kb)",4,165878098,165880274,2177,1,"152756","ENST00000648094.2_5",2826,"ENSG00000250486","FAM218A","family with sequence similarity 218 member A"
"chr4",172801224,172801807,584,"*",19,12,61,55,15.5,58,3.57575757575758,1.83824893000339,0.012434889044202,0.976803974891227,"gained","Intron (ENST00000506823.6_4/442117, intron 2 of 12)",4,172734674,172737504,2831,1,"442117","ENST00000513061.1_1",66550,"ENSG00000174473","GALNTL6","polypeptide N-acetylgalactosaminyltransferase like 6"
"chr5",47345,47707,363,"*",14,6,39,33,10,36,3.36363636363636,1.75002174699165,0.040974874137002,0.976803974891227,"gained","Intron (ENST00000846370.1_1/ENST00000846370.1_1, intron 1 of 4)",5,92283,190081,97799,1,"153478","ENST00000637938.2_8",-44576,"ENSG00000153404","PLEKHG4B","pleckstrin homology and RhoGEF domain containing G4B"
"chr5",32600060,32600587,528,"*",18,9,60,47,13.5,53.5,3.75862068965517,1.91020332964935,0.0466481979269125,0.976803974891227,"gained","Intron (ENST00000506237.6_2/10923, intron 4 of 4)",5,32595029,32601236,6208,1,"10923","ENST00000502453.1_1",5031,"ENSG00000113387","SUB1","SUB1 regulator of transcription"
"chr5",33343681,33344238,558,"*",14,7,48,38,10.5,43,3.82608695652174,1.93586966258028,0.0422488439952198,0.976803974891227,"gained","Distal Intergenic",5,33023066,33298172,275107,2,"105374715","ENST00000510327.2_5",-45509,NA,"LOC105374715","uncharacterized LOC105374715"
"chr5",41527229,41527643,415,"*",7,11,33,37,9,35,3.6,1.84799690655495,0.0116283023493828,0.976803974891227,"gained","Distal Intergenic",5,41307054,41510703,203650,2,"345557","ENST00000377801.8_7",-16526,"ENSG00000182836","PLCXD3","phosphatidylinositol specific phospholipase C X domain containing 3"
"chr5",93553808,93554552,745,"*",33,25,96,86,29,91,3.06666666666667,1.61667136044849,0.0122165484890832,0.976803974891227,"gained","Intron (ENST00000745603.1_2/ENST00000745603.1_2, intron 5 of 7)",5,92956787,93447404,490618,2,"83989","ENST00000502503.1_4",-106404,"ENSG00000113391","ARB2A","ARB2 cotranscriptional regulator A"
"chr5",129672998,129673277,280,"*",14,10,28,25,12,26.5,2.11538461538462,1.08091999538357,0.033756976927155,0.976803974891227,"gained","Exon (ENST00000810671.1_1/ENST00000810671.1_1, exon 1 of 4)",5,129243780,129520195,276416,1,"337876","ENST00000507545.1_1",429218,"ENSG00000198108","CHSY3","chondroitin sulfate synthase 3"
"chr5",172228294,172228723,430,"*",7,11,48,41,9,44.5,4.55,2.18586654531133,0.0244916924085001,0.976803974891227,"gained","Distal Intergenic",5,172204769,172215115,10347,1,"105377730","ENST00000792664.1_1",23525,"ENSG00000253736","LOC105377730","uncharacterized LOC105377730"
"chr6",4281135,4281384,250,"*",3,1,15,14,2,14.5,5.16666666666667,2.36923380966572,0.021237530442155,0.976803974891227,"gained","Intron (ENST00000795525.1_2/ENST00000795525.1_2, intron 1 of 1)",6,4345977,4347271,1295,2,"101927888","ENST00000437430.2_4",65887,"ENSG00000231811","LOC101927888","uncharacterized LOC101927888"
"chr6",17929265,17929514,250,"*",9,6,22,20,7.5,21,2.58823529411765,1.37196877738696,0.0251089720695307,0.976803974891227,"gained","Intron (ENST00000378814.9_7/63971, intron 2 of 37)",6,17873494,17987308,113815,2,"63971","ENST00000505588.1_3",57794,"ENSG00000137177","KIF13A","kinesin family member 13A"
"chr6",34495045,34495407,363,"*",26,24,9,7,25,8,0.346153846153846,-1.53051471669878,0.0068493956771238,0.976803974891227,"lost","5' UTR",6,34482667,34495471,12805,1,"29993","ENST00000487760.1_1",12378,"ENSG00000124507","PACSIN1","protein kinase C and casein kinase substrate in neurons 1"
"chr6",77349563,77350046,484,"*",10,7,47,40,8.5,43.5,4.68421052631579,2.22780591752281,0.0347776582736336,0.976803974891227,"gained","Distal Intergenic",6,77231357,77303538,72182,2,"105377860","ENST00000653622.1_5",-46025,"ENSG00000236635","LINC02540","long intergenic non-protein coding RNA 2540"
"chr6",103207065,103207481,417,"*",8,4,38,35,6,36.5,5.35714285714286,2.42146376843828,0.0087458547017974,0.976803974891227,"gained","Distal Intergenic",6,102502008,102517882,15875,1,"2898","ENST00000682328.1_1",705057,"ENSG00000164418","GRIK2","glutamate ionotropic receptor kainate type subunit 2"
"chr6",137006897,137007356,460,"*",13,7,52,48,10,50,4.63636363636364,2.2129937233342,0.0127945561212145,0.976803974891227,"gained","Intron (ENST00000359015.5_7/4217, intron 7 of 29)",6,136965432,136969336,3905,1,"101928461","ENST00000814998.1_1",41465,"ENSG00000234263","MAP3K5-AS1","MAP3K5 antisense RNA 1"
"chr6",156204596,156204897,302,"*",5,3,16,13,4,14.5,3.1,1.63226821549951,0.0384206740998104,0.976803974891227,"gained","Intron (ENST00000817237.1_1/ENST00000817237.1_1, intron 2 of 3)",6,156267931,156268013,83,1,"100302259","ENST00000408529.1",-63034,"ENSG00000221456","MIR1202","microRNA 1202"
"chr7",25064635,25065118,484,"*",20,14,50,48,17,49,2.77777777777778,1.47393118833241,0.0398972555664014,0.976803974891227,"gained","Exon (ENST00000737693.1_1/ENST00000737693.1_1, exon 1 of 2)",7,24911602,25021253,109652,2,"26031","ENST00000415952.1_7",-43382,"ENSG00000070882","OSBPL3","oxysterol binding protein like 3"
"chr7",29415760,29416010,251,"*",8,7,25,22,7.5,23.5,2.88235294117647,1.52724700286487,0.0398972555664014,0.976803974891227,"gained","Exon (ENST00000482820.6_3/1124, exon 4 of 7)",7,29436264,29440897,4634,1,"1124","ENST00000491856.1_1",-20254,"ENSG00000106069","CHN2","chimerin 2"
"chr7",41619541,41620154,614,"*",13,9,50,46,11,48,4.08333333333333,2.02974734339405,0.00579295243415072,0.976803974891227,"gained","Intron (ENST00000840095.1_2/ENST00000840095.1_2, intron 1 of 2)",7,41729114,41732162,3049,2,"3624","ENST00000464515.1_3",112008,"ENSG00000122641","INHBA","inhibin subunit beta A"
"chr7",43470735,43471032,298,"*",10,7,26,23,8.5,24.5,2.68421052631579,1.42449782852791,0.0171278130656781,0.976803974891227,"gained","Intron (ENST00000453890.5_2/23072, intron 7 of 27)",7,43436272,43480196,43925,1,"23072","ENST00000471043.1_1",34463,"ENSG00000002746","HECW1","HECT, C2 and WW domain containing E3 ubiquitin protein ligase 1"
"chr7",46184768,46185362,595,"*",19,18,57,54,18.5,55.5,2.8974358974359,1.53477674355294,0.014411114960658,0.976803974891227,"gained","Exon (ENST00000446539.1_3/ENST00000446539.1_3, exon 1 of 1)",7,46023670,46026071,2402,1,"102723446","ENST00000797067.1_1",161098,"ENSG00000237471","LOC102723446","uncharacterized LOC102723446"
"chr7",106322189,106322706,518,"*",16,6,62,49,11,55.5,4.70833333333333,2.23521646169403,0.0370667605204277,0.976803974891227,"gained","Intron (ENST00000490856.5_5/ENST00000490856.5_5, intron 1 of 4)",7,106294806,106301604,6799,2,"168455","ENST00000523505.3_10",-20585,"ENSG00000253276","CCDC71L","coiled-coil domain containing 71 like"
"chr7",146658480,146658779,300,"*",5,6,19,17,5.5,18,2.92307692307692,1.54748779530249,0.021237530442155,0.976803974891227,"gained","Promoter (1-2kb)",7,146659984,148112860,1452877,1,"26047","ENST00000636870.1_1",-1205,"ENSG00000174469","CNTNAP2","contactin associated protein 2"
"chr8",20164073,20164399,327,"*",14,9,35,30,11.5,32.5,2.68,1.42223300068305,0.0271937853146331,0.976803974891227,"gained","Promoter (2-3kb)",8,20103676,20161474,57799,2,"11178","ENST00000381569.5_8",-2599,"ENSG00000061337","LZTS1","leucine zipper tumor suppressor 1"
"chr8",53528792,53529315,524,"*",15,7,53,42,11,47.5,4.04166666666667,2.01495034146597,0.0399915006046781,0.976803974891227,"gained","Distal Intergenic",8,53536144,53548594,12451,2,"9821","ENST00000519912.1_5",19279,"ENSG00000023287","RB1CC1","RB1 inducible coiled-coil 1"
"chr8",81001755,81002267,513,"*",31,30,112,105,30.5,108.5,3.47619047619048,1.79750713610126,0.025630717982272,0.976803974891227,"gained","Intron (ENST00000379096.9_13/7163, intron 1 of 5)",8,80947107,80993066,45960,2,"7163","ENST00000448733.3_7",-8689,"ENSG00000076554","TPD52","tumor protein D52"
"chr8",94170875,94171178,304,"*",5,9,29,23,7,26,3.375,1.75488750216347,0.0454248383874775,0.976803974891227,"gained","Intron (ENST00000824412.1_2/ENST00000824412.1_2, intron 2 of 4)",8,94146323,94179055,32733,2,"389676","ENST00000824293.1_1",7877,"ENSG00000279847","LINC02906","long intergenic non-protein coding RNA 2906"
"chr8",99846967,99847674,708,"*",42,35,102,87,38.5,94.5,2.41772151898734,1.27364807985865,0.0477414050420337,0.976803974891227,"gained","Intron (ENST00000523601.5_4/6788, intron 3 of 12)",8,99466861,99837916,371056,2,"6788","ENST00000419617.7_7",-9051,"ENSG00000104375","STK3","serine/threonine kinase 3"
"chr8",127591992,127592574,583,"*",29,20,84,74,24.5,79,3.13725490196078,1.64950275291587,0.0153786591822488,0.976803974891227,"gained","Intron (ENST00000645490.1_3/105375751, intron 1 of 1)",8,127600811,127603169,2359,1,"105375751","ENST00000740035.1_1",-8237,"ENSG00000253438","LOC105375751","uncharacterized LOC105375751"
"chr8",130527716,130528312,597,"*",35,20,96,83,27.5,89.5,3.17543859649123,1.66695587291846,0.0259064187533753,0.976803974891227,"gained","Intron (ENST00000675388.1_3/137196, intron 1 of 8)",8,130496303,130496388,86,2,"100500839","ENST00000577904.1",-31328,"ENSG00000263763","MIR3686","microRNA 3686"
"chr9",557705,558296,592,"*",16,18,65,59,17,62,3.5,1.8073549220576,0.0263903577757136,0.976803974891227,"gained","Intron (ENST00000382303.5_2/23189, intron 5 of 15)",9,547318,549531,2214,1,"23189","ENST00000444793.1_2",10387,"ENSG00000107104","KANK1","KN motif and ankyrin repeat domains 1"
"chr9",4498016,4498306,291,"*",7,3,22,18,5,20,3.5,1.8073549220576,0.0337650603987537,0.976803974891227,"gained","Intron (ENST00000262352.8_4/6505, intron 1 of 11)",9,4490468,4587469,97002,1,"6505","ENST00000262352.8_4",7548,"ENSG00000106688","SLC1A1","solute carrier family 1 member 1"
"chr9",72732768,72733342,575,"*",31,16,95,89,23.5,92,3.79591836734694,1.92444896699282,0.0418180643734837,0.976803974891227,"gained","Intron (ENST00000377182.5_4/256691, intron 5 of 13)",9,72768050,72772456,4407,2,"100507244","ENST00000451488.1_3",39114,"ENSG00000204706","MAMDC2-AS1","MAMDC2 antisense RNA 1"
"chr9",73569254,73569577,324,"*",13,8,33,27,10.5,30,2.69565217391304,1.43063435432986,0.0403689426159776,0.976803974891227,"gained","Intron (ENST00000677713.2_8/80036, intron 1 of 25)",9,73150046,73484051,334006,2,"80036","ENST00000677594.1_5",-85203,"ENSG00000083067","TRPM3","transient receptor potential cation channel subfamily M member 3"
"chr9",111827543,111828092,550,"*",20,19,50,45,19.5,47.5,2.36585365853659,1.24236083756904,0.048557590463461,0.976803974891227,"gained","Intron (ENST00000374586.8_8/23731, intron 9 of 17)",9,111808509,111808578,70,2,"407036","ENST00000384965.1",-18965,"ENSG00000207698","MIR32","microRNA 32"
"chr9",113732028,113732673,646,"*",41,22,99,84,31.5,91.5,2.84615384615385,1.50901364748786,0.0426062728244478,0.976803974891227,"gained","Intron (ENST00000374431.7_6/1902, intron 3 of 4)",9,113636058,113761746,125689,2,"1902","ENST00000374430.6_5",29073,"ENSG00000198121","LPAR1","lysophosphatidic acid receptor 1"
"chr9",131057762,131058039,278,"*",20,20,7,5,20,6,0.333333333333333,-1.58496250072116,0.0453957419997208,0.976803974891227,"lost","Intron (ENST00000652598.1_2/375757, intron 4 of 6)",9,131072063,131073633,1571,2,"26995","ENST00000461180.1_3",15594,"ENSG00000167112","TRUB2","TruB pseudouridine synthase family member 2"
"chr9",137561855,137562186,332,"*",6,3,29,26,4.5,27.5,5.18181818181818,2.37345839552744,0.00839958881377828,0.976803974891227,"gained","Intron (ENST00000371817.8_7/1289, intron 1 of 65)",9,137545031,137601073,56043,1,"1289","ENST00000464187.1_1",16824,"ENSG00000130635","COL5A1","collagen type V alpha 1 chain"
"chrX",26970253,26970562,310,"*",7,10,23,22,8.5,22.5,2.47368421052632,1.30666133823405,0.0468821257934426,0.976803974891227,"gained","Distal Intergenic",23,27171710,27176836,5127,2,"105373150","ENST00000775627.1_1",206274,NA,"LOC105373150","uncharacterized LOC105373150"
"chrX",27295094,27295373,280,"*",3,3,25,27,3,26,6.75,2.75488750216347,0.027661699133324,0.976803974891227,"gained","Intron (ENST00000717233.1_2/105373150, intron 4 of 10)",23,27171710,27354761,183052,2,"105373150","ENST00000775625.1_1",59388,NA,"LOC105373150","uncharacterized LOC105373150"
"chrX",113909739,113909996,258,"*",3,2,19,19,2.5,19,5.71428571428571,2.51457317282976,0.0192856065436488,0.976803974891227,"gained","Intron (ENST00000371951.5_1/3358, intron 2 of 6)",23,113886019,113886098,80,1,"100302144","ENST00000410389.1",23720,"ENSG00000222321","MIR1912","microRNA 1912"
